cell_type,chrom,start,end,length_bp,n_ccre,tau_specificity,ccre_ids,target_gene,gene_dist_bp,gene_link_method,gene_expr_specificity,specificity_per_bp,composite_score,sequence,PDX1,NKX6-1,PAX6,NEUROD1,motif_total,motif_tf_breadth,motif_score,composite_rank,mouse_ortholog,human_gene_spec,mouse_gene_spec,conservation_score,translatability_flag,conservation_method
Pancreatic_Beta_Cell,chr11,2161090,2161490,400,1,0.9864253393665159,cCRE119781,INS,69.0,nearest_TSS_gencode_v44,1.0,0.00246606334841629,0.8631221719457014,TGCTGCAGAGCTGGGGCCTGGGGTCCAGCCACCCTGGAATCCTGAGCCCACCTGACGCAAAGGCCCTTGGAACAGACCTGCTTGATGGCCTCTTCTGATGCAGCCTGTCCTGGAGGGCTGAGGGCTGCTGGGCCCCCGCTGGCTTTATAGTCTCAGAGCCCATCTCCCCTACCTCTCAACCCCTGCCGCCTGGCCCATTAGGGCCTGGGGTGGGGGGGTCGGCAGATGGCTGGGGGCTGAGGCTGCAATTTCCGGACCATTTCCCTGGTGCTGGGTCTGTGGGAAGATCTCCTTGGTCGTCAGCACCTCTTCCTCAGGACCAGCGGGTCATTAGAGTCTTAACCAGGGGCCCGGTGGCCAGACCTGTCCCTGCTCACAGCTGGGGGCAAATGTCTCCAGG,2,0,0,1,3,2,0.375,1,Ins2,1.0,1.0,1.0,conserved,gene_level_ortholog_expression_concordance
Pancreatic_Beta_Cell,chr11,2163559,2163959,400,1,0.9864253393665159,cCRE119783,INS,2538.0,nearest_TSS_gencode_v44,1.0,0.00246606334841629,0.7891402714932128,CTGCAGGCCCACCTCTGAGACCACCCCCAGCCAGCACAGTTTGTGACCCCTGCTCCCTGCCAGGCCTGAGAGAGGCCCTCCCACTGTCACGTGGCTCCCCACCTTGGGAGGGCACCCCACGGAGATGGGGCAGCTCGGCCAGGGTGCCCGAGCCTCTGGAGCTGCTTGGGGCTCAGAGCTGGGCGGGGCCTCAGGGTGAGCGGGGAAACCAGGCCCGGAGGGGCCAGCTGCCTGGCCAGGGCGGCCAGCCATCTCCCAGAGGAGGAAGGAGGCCAGGGCGAAACCTCTGAGTGAGGCTGGGGTGGGGGTGTGGGAGTCTGAGGATCCCAGGGTCTGTCTCTGTGGCACAGATGTGGGGCCAGGCAGGTGTAGAGACCACAGTTTCTTTTATTGTGACGGT,0,0,0,0,0,0,0.0,2,Ins2,1.0,1.0,1.0,conserved,gene_level_ortholog_expression_concordance
Pancreatic_Beta_Cell,chr12,21372582,21372982,400,1,0.9909502262443439,cCRE169633,IAPP,17823.0,nearest_TSS_gencode_v44,0.5757389596380287,0.0024773755656108598,0.7221839813318409,TTATCCTTACCCTTTTCTATCAGTTCCTTACCATAACATACACTTAATTCTTGGAAATTCACTCATGTCTTACAAAGATGGCAAATTCAAACTTCTGCTGTGTATGACACACCATTAACTGCACAAGGACACTGTGTATTTGCTACGTTAATATTTACTGATGAGTTAATGTAATAATGACCCATCCGCTTCTGCTGCCTGTGAGGTACTTTCTATCTATAGGGATGGAAATTAATGACAGAGGCTCTCTGAGCTGCCTGATGTCAGAGCTGAGAAAGGTGTGAGGGGTATATAAGAGCTGGATTACTAGTTAGCAAATGAGGGGGTAAATATTCCAGTGGATACAAGCTTGGACTCTTTTCTTGAAGCTTTCTTTCTATCAGAAGCATTTGCTGATATT,3,2,0,0,5,2,0.625,3,Iapp,0.5757389596380287,0.8076755873920528,0.5757389596380287,conserved,gene_level_ortholog_expression_concordance
Pancreatic_Beta_Cell,chr12,21341807,21342207,400,1,0.9819004524886877,cCRE169625,IAPP,12952.0,nearest_TSS_gencode_v44,0.5757389596380287,0.0024547511312217195,0.6769082238942775,GAGCTCTATGTATGTATAAAATGGTTCAAGGTCGGGATAGTGTCCATTCAGATTTCTACTTTGGGACGAGTAAATAAAATGATGATTTAAATCATGTAAAGGGAACAGTTTGGAGCTCTGTGTATGTATAAATGAGGCATGGGATGAGGATTAATCGATGAGCATGTGCATATGACTCACCTATCCTTCCCTTTGCCACTCAGCTGAATACCGTTTGTCAGCATGGTGGTTTGGATCATTAGACAATTTTAAATGATCTATATTTGTGGTTATATGCTGTTTTATTTCTACCTCTAATGGACCATGGCTAAAGGCAGGAAGCATAAAGAGCACTGGTCTCAAAATATAACCTAATGAGGAGCATAAAATGATAATGTTATACATTTCTCTCAAGATTGCC,3,0,0,0,3,1,0.375,4,Iapp,0.5757389596380287,0.8076755873920528,0.5757389596380287,conserved,gene_level_ortholog_expression_concordance
Pancreatic_Beta_Cell,chr12,21380637,21381037,400,1,1.0,cCRE169636,IAPP,25878.0,nearest_TSS_gencode_v44,0.5757389596380287,0.0025,0.6696890578461623,TTCTCACAACTACTTTGGGAAAAAAATAATGAGAATAACTAAATTATTGTAATTGGAGGTACCAACAGTAAAATTTTGGTGACTACGTTTATCTTAACCTTTCTCATTGTGTCTAGGTACATGAAATCATAGGTACCCTTGAGTAACCTGAGTGAGTTAGGCTTCCAAGTGCTAGAATGGGTAGCTAGGCAACCATGAGCAGGGAAGAGAGGGCCCCCCAACCCAACCCACACCCCCATGCCCCCACTGCCCCAGCCCCCGACCAAGAATTATCAGGCGACTATCAGCTGATGGTCAGGTGATTGTTAAATTGTCTCTCTAAAATAATAACTGGTCGTAGCCAGCACCAGAGAAAGGTAGACTCCCAATAGGTAGAAAACACCTAAAACTGATGATCGGC,2,0,0,0,2,1,0.25,5,Iapp,0.5757389596380287,0.8076755873920528,0.5757389596380287,conserved,gene_level_ortholog_expression_concordance
Pancreatic_Beta_Cell,chr12,21374677,21375077,400,1,1.0,cCRE169634,IAPP,19918.0,nearest_TSS_gencode_v44,0.5757389596380287,0.0025,0.6499923208506869,AGCAGAATATCTGAATGATGACAGGAAAATCAGTAGTATTTCCTAGTATATCTGTTTATATCTTGATACTTTCTTTCAATAGATATAGAAATTTACTAAGCACTTTTACCCTCTCTTTTTTTTATTTTATTTTGAGACAGGGTCTCTCTCTCTCTCTCTCTCTGTCTCTGTCACCCAGGCTGCTGGAGCACAGTGGTACAATCATGGCTCACTGTAGCCTTGACATTCTAGGCTCAGGTGATCCTCCCACCTCAGCCTCCCAAGTAGCTGGGACCACAGGCACCTGCCACCATACCCAGCTAATTGTTTTATCTTTATTTTATAGGGAAAGGGTCTCCCTATGATGCCCAGGCTGGTGTCAAACTCCTGGGCTCAAGCCTTCCTCCTGCCTCAGTCTTCC,1,0,0,0,1,1,0.125,6,Iapp,0.5757389596380287,0.8076755873920528,0.5757389596380287,conserved,gene_level_ortholog_expression_concordance
Pancreatic_Beta_Cell,chr12,21308770,21309170,400,1,0.995475113122172,cCRE169613,IAPP,45989.0,nearest_TSS_gencode_v44,0.5757389596380287,0.0024886877828054297,0.6470511791273806,CCTGCGTAATGACTCTACAAAGAAGTCCTCCTTTAACCAAGTCCTACACATATTTACAGAACTTCCAGCTGGCTTCTTGTTGTTGTTATTCCTCCCTCTTAAATGTGAATAGATAACAAACAACCACCAGATATATGAGAGAAGTCTGTAACAGTAAAGACAGTTACAAACAAATAAAAAAACGGTACACTTGGAGGAGCCAGAGACCAAGAAGAAAGATGAACAAAATTTAGATGGGAAGAGATAATGCATTCTTGAAAGAATAGTATGTTCCTTAAAAAGGGACATTCAAAGAATAAGAGCCCTTGAAAATTAAAAATGTGGTAGCATAAGCTAGAAAGCCATTCAAAGGCATGGAAAATAAAGTTAAATCTCCCAGAAAGTAACAAGAAGACAAGAG,1,0,0,0,1,1,0.125,7,Iapp,0.5757389596380287,0.8076755873920528,0.5757389596380287,conserved,gene_level_ortholog_expression_concordance
Pancreatic_Beta_Cell,chr12,21370577,21370977,400,1,1.0,cCRE169632,IAPP,15818.0,nearest_TSS_gencode_v44,0.5757389596380287,0.0025,0.6302955838552116,TGTTTCGATAGAAGATTTTCCTTATAACATTAGGGTAAGAGAGGATCCATTTTGAATGTTATGTTTGGCACCCTTAACATCTTAGAGAAACAAAAAAGGTTATGAAAATAGAATAAATAACAATGTAGGTAATAAGCAAGTATTTTTGTCTAAATGAACACTAGACCATGAGTCATAAAGCTAAGCTTTGGTCCAGGATTCAGCATTAACTAGATGTTTGATGTTGAACTTTATTTAATGTCACTGGCCCTGGTATGCTTTCTACATCACTGTATTTAACGCAGAACAGGTGAGACCCAAACTGGGGCTTAGCCCTCAAGGGTTCTTGGCTTTGTTCATGAAAGAGTTCAGGGGCAAGTTGGAGGTAGAAGAAAACAGCTTTATTGAAGAGGCGGTGTTA,0,0,0,0,0,0,0.0,8,Iapp,0.5757389596380287,0.8076755873920528,0.5757389596380287,conserved,gene_level_ortholog_expression_concordance
Pancreatic_Beta_Cell,chr12,21377325,21377725,400,1,0.995475113122172,cCRE169635,IAPP,22566.0,nearest_TSS_gencode_v44,0.5757389596380287,0.0024886877828054297,0.627443567638672,TTTGGAGACTTTATGATATTCTCTTTTTTTGACATACTTTTTATGACATTATTTTTTACTTTATTATATTTCATTTTATTGTTTTAAGAACAAAGCATGATATCTACCCTTTTAACAAATTTTTAAGCATGCAATACATTATTCTGGATTATGTGCAAAATGTTGGGCAGCAGATCTCTAGAGCTTAGTCATCTTGCTTGACTGAAGCTGTACACCCAATGGTTAGTAACTCCCTATTTCCCCCTCTCCCTTGCCCCTGATAACCACCATTCCACTCTTTAACTCATGAATTTGACTATTTTAAATACTTCATATACATGGAACCAAGTGGTATTTATCTTTCTATGACTAGCTTCTTTCACTCAACCTAATGTCCTCAAGGTTCATCCGTGTGTTGCAT,0,0,0,0,0,0,0.0,9,Iapp,0.5757389596380287,0.8076755873920528,0.5757389596380287,conserved,gene_level_ortholog_expression_concordance
Pancreatic_Beta_Cell,chr12,21369117,21369517,400,1,0.9909502262443439,cCRE169631,IAPP,14358.0,nearest_TSS_gencode_v44,0.5757389596380287,0.0024773755656108598,0.6245915514221327,AATGTAAAAATTATTTTTAAAATGATATATAAAACATCTTTTACTTTTAAAATGTGATAGGAAGAAGATTAATACATATTATGAATTATATCCTGACACTCATGTTTATCTTCAATCTCTTCTCATTTCTTCCCTTTATTCATGTCATTGTCAAAGCATGTTATGATTATGAATATGACTTGGAGTCATTTACTTCTCTAACTCCTCAGCAACCACCCTGGTCTAAGGCCTCATGATCTCACTGACATCGTCTGCTAATAGATTTCCTGTTTTTACTCTTGCCACCCTCTAATTCATTCCACAAATATCCTGGGACAGGCAGATGAGAATTTGTCTTTCACTCTGCACTTAATAGCTCTTTCACCTTAAGCAAGTCACTTATGTTCTTTGAATCTCAGTT,0,0,0,0,0,0,0.0,10,Iapp,0.5757389596380287,0.8076755873920528,0.5757389596380287,conserved,gene_level_ortholog_expression_concordance
Pancreatic_Beta_Cell,chr12,21334933,21335333,400,1,0.9547511312217195,cCRE169620,IAPP,19826.0,nearest_TSS_gencode_v44,0.5757389596380287,0.0023868778280542987,0.6205809036176242,GATTAAAGATATTAGAATTGTTTGTTATGATCTTGCAAAATAATGGTCACATGGTTAAAAGAAAGCTTTTCACTTCTCTAGCCAAAACAAATAGTACCAAAAGACTTCCATGAAAATAGCTACTTTTAATAACACACATACTTTGAGTTGTGTTTGTACTAAAAACCTGCTTCACTAACCCTACCAAGGCTCAAAAATCTTTTTTTGGCCAGGCTCTCTTTTCAAGTTATTTGCATTCCAAGGCTTCCCTAGAGTCTCAGGAAGGGAAACACTTTCTGGGGCACTGCTGATACATGGAAACCTGGGGAGACACGGAATTTTAATCATGAAAACAACCTAGTAAAAATAACAAACAATTCTATGATCTGGAAAATAATCCCACGATTGCAAACTAAGATGT,1,0,0,0,1,1,0.125,11,Iapp,0.5757389596380287,0.8076755873920528,0.5757389596380287,conserved,gene_level_ortholog_expression_concordance
Pancreatic_Beta_Cell,chr20,58847245,58847645,400,1,0.995475113122172,cCRE478522,GNAS,7727.0,nearest_TSS_gencode_v44,0.2981465970740503,0.0024886877828054297,0.6138294995214401,CTCTAATATCAGCCTTGCATCTGCCTCTAACCTGGTATCTTGCCTCATCCATTTGAGGCTTTTTTCCTTTAGCTGGCATTTGCTTCAAACAGCCTGGCCACGCAGACCCCTCTGCAGATAGCAGTATGCTGCTGCCTCCACCGGCCAAGGCGGGCAGAGGAGAGTCTGAAGGGAAAAGGATGGCAGCAGCAAGTCTTGATTGAAAAGTAATTAATTGTACAGCTTCAAAGTCTATTACTACTCACTCAGCACTCAGAAAACATTTGTCACTGGGAGGCTGAGAAGCTTCATAGTTGCCTAAATTCTTTTCTACCTTCTCTTTCTGCTTTTACTTTTTCCTCAATTGAAAGAAACCCACTGACAACCAATGACATGAATGGGCTGCAGAGAAGGCACTTCT,3,3,0,0,6,2,0.75,12,Gnas,0.2981465970740503,,,mouse_expr_unmeasured,gene_level_ortholog_expression_concordance
Pancreatic_Beta_Cell,chr12,21350972,21351372,400,1,0.9728506787330317,cCRE169626,IAPP,3787.0,nearest_TSS_gencode_v44,0.5757389596380287,0.0024321266968325792,0.613183486555975,TTGTTACTTAGTGTTATAAATGAGGAACTAGAGATTCAGATATATTAATTTGCTCACAGCAACAACACAGCCTGTATTCCAACCCAGTTTGTCAGTCTCTAAAGCCCTGGCTCTTAACCATCACACTGTAATAACATGGTGCCTAAATGTGTACAAGGCACTATGGGGAGGCACTGAGTAAATAAGAAGTTAGCAGCTTGGAAGCCAATAGATAAGAAATATAGACAAATACGTGACATGGCAAAATGTGTTTTGTAACCTGAGAGGTACAAGCATGGAGGTCACAAAGTTCAATGTTTGCTTGGAATAAAAAACAAGTCAGTTGTCCTGTTTTACTAGTGCAGTTTCTCCAAGTGTGGTCTATAGTCCACCTGCAACATATTCCTAAACAGACCTGTTA,0,0,0,0,0,0,0.0,13,Iapp,0.5757389596380287,0.8076755873920528,0.5757389596380287,conserved,gene_level_ortholog_expression_concordance
Pancreatic_Beta_Cell,chr1,236251593,236251993,400,1,0.9819004524886877,cCRE71655,ERO1B,30226.0,nearest_TSS_gencode_v44,0.23710003513336805,0.0024547511312217195,0.6073545421356128,ACATATCAATGGCAAAATATAATACTCTCATAAAAGGACAAGAACAATAATTAAAAATGAATATCTTAATACCATCTGAAAGTACTCTGCTCAAAATATCTTGATAATTATTTACTCTATACAATATAATTCTGAACCTGCCAGGCTAACTAGTTGAAACAGAAGACTAAAAATAGCTATGTGATAAAACACCTGCTGACTAGGGGATCTGACACTATAGTTACATTTAATAGTTGTTCCAGAGATTCCAAAAACAGTACTGAAGCAATTTCAAAAGAATCTAGAAATGTACAATCTATCTGCTTGACGCAAGAGTTAGGGATTTGGAATTCTGAGGCAAAATGTCTCCATTCCCAACTAACCATAATATGGTTCTTTACTACAGCCACTGTCAGTCAGT,4,4,0,0,8,2,1.0,14,Ero1b,0.23710003513336805,,,mouse_expr_unmeasured,gene_level_ortholog_expression_concordance
Pancreatic_Beta_Cell,chr12,21336619,21337019,400,1,0.9276018099547512,cCRE169621,IAPP,18140.0,nearest_TSS_gencode_v44,0.5757389596380287,0.002319004524886878,0.6029340532777865,TCTTCATGGAGGAAAATAAACAAATTAACAAAATCTATTCCATTTATTCAATAAAAATCCATAAAATCCAACGGTTAATATCATAGTCATTGTTGTCCATCTTGGCCCCAAATCAGGAAATTCCGTGTGCCGTCTTTTCATCTTCTCGAGGCTGTGCTAGTGCCAGCCATGTGAACAGTCCTCTTTTGTTAGCACAGTGTTGTTTACACAGTGACTTCTGCTCCCAGGACCACACAGTGTCACCAACAAATCCCTGTCAATCATCACTTCTAATGAAAAAGACATGCTGAAGTTTTATTAAGTGGAGAATCATGTTATTTCCCTAACTCTTTCTCAGCATTCAAATGGGAACAGGTAATGCTTCAGTATGCTTTCTCACACAAACGTTGGATTTCTTCCA,1,0,0,0,1,1,0.125,15,Iapp,0.5757389596380287,0.8076755873920528,0.5757389596380287,conserved,gene_level_ortholog_expression_concordance
Pancreatic_Beta_Cell,chr4,165358292,165358692,400,1,0.9819004524886877,cCRE614270,CPE,2702.0,nearest_TSS_gencode_v44,0.24741430749882024,0.0024547511312217195,0.5971078780748029,GATCTCTAAGAATTTATGTATTCATTCATTCAATCAATAATATTTACTTAGTTTTCCATTATGTGTCAAATGCTGCTAGGTGCTAGGGTACACTAGGGGCCTTGAGAGACAAGATTCCAGCCCTCGCACAATTTATAGTACAGGGGAGATTATGGACAATGAAATAAGTAATTATTAAAAACCTCTGAAACGTGAGAGAGGCTTAAGGAACTCTGAGATCACATAGCAACAGTATCTTTTTTGCTTAATGGAAGCTGTTAGGACAAAGCTCCCAGAGGAAATAATGTGTACCATGAGACCAGAAGGACAACTAAAAGCTAACCAGAAATGAAGGGGGACAGAGGGGAAGAGTGATTCAAGTAAAGGCAACAAAATATGCTAAGATCTGCTGGCAAGACAG,4,3,0,0,7,2,0.875,16,Cpe,0.24741430749882024,,,mouse_expr_unmeasured,gene_level_ortholog_expression_concordance
Pancreatic_Beta_Cell,chr4,165401237,165401637,400,1,0.995475113122172,cCRE614296,CPE,40243.0,nearest_TSS_gencode_v44,0.24741430749882024,0.0024886877828054297,0.5898407019621118,CGTTACACGCCTTTTCCATAGACAGGCTCACTCATAACAACAGGTGCAGTTAACTAGAAGCCGGTGAAGGAAAAATATAACCCTTGTTTCTCCCCAGTGAGCTTTGGATTTGCACATCCACCTGCCTAGTACACTTTTACTATAAGTGATAGTCAACATGTGGATAAGAACTTGAGCATTGGAGTGAGACATAAGGCTGCCAGGTCTGCCGTTTAATAGCTTAATGGCCTTAAAGAAGAAAGTCTTTATGTGGCTCAGCTTCCACTCTGTAAAATCATGAAACCTGTCACGTAAGATTTATGTGCGGGTAAAATGAAATAGCACATGTAATGTGCTGAGCACAGTTAATGGCACACAACATACACTTAATGAATAATAGAAATTATTATTATTTCCCAAA,3,3,0,0,6,2,0.75,17,Cpe,0.24741430749882024,,,mouse_expr_unmeasured,gene_level_ortholog_expression_concordance
Pancreatic_Beta_Cell,chr4,165387009,165387409,400,1,0.995475113122172,cCRE614286,CPE,26015.0,nearest_TSS_gencode_v44,0.24741430749882024,0.0024886877828054297,0.5898407019621118,GTTTCCTTCTCATTAATTACTGGAATTGCCGTGAGTCCGTTGCTCTGTGAACGTTTCTCTTTCTTTGAACATTCAGGATATGGTGTTTTGTAAGTGATCTAACAGCCAGCTTTTTCTAATAAAACATGGCCTAAGAGAAGAGCCTGTTTGTGTTACTAGTGTCTTTTATGATTTTCAAATGATTTACCCACTTCTTTAACTGTCCCTAGATGAGTAATCTTTGAAGGGTAGGGTGGCACATGTGGAGTATTAAAGAGATGGCTGTTAAGCAAAGATAAATGAATTACTTATGATAATACACCGTGGAACAACTTTCCACTACTGGTAAATATTTTGTTTTCTACAGAAATCTCTTTACTATCAAATCATTGCTAAACATCATAGTTCTATAATAATCCCC,3,3,0,0,6,2,0.75,18,Cpe,0.24741430749882024,,,mouse_expr_unmeasured,gene_level_ortholog_expression_concordance
Pancreatic_Beta_Cell,chr12,21313484,21313884,400,1,0.9321266968325792,cCRE169614,IAPP,41275.0,nearest_TSS_gencode_v44,0.5757389596380287,0.002330316742081448,0.5875153406071203,GCGGATTGCTTGAACCCAGGGGTTCCAGACCAGCCTGGCCAACTTGGGGAAACCCCATCTCTACTAAAAATACAAAAATTAACTGAGTGTAGTGGCATGCACCTATAATCCCAGCTACTCGGGAGGCTGAGGCAGGAGAATCACTTGACCCAGGAGGCAGAGGTTTCAGTGAACCGGGAGATGGCGCCACTGCACTCCAGCCTGGGCGACAGAGTGAGTGAGACTGTCTCAACAAAAATAAAAACAGAGGCCGAGGCGGGCGGGTCACGAGGTTAGGAGATCGAGACCATCCTGGCTAACACAGTGAAACCCCGTCTCTACTAAAAATGCAAAAAATTAGCCAGGCATGGTACCTGTAGTCCCAGCTACTCAGGAGGCTTGAGACAGGAGAGTTGCTTGA,0,0,0,0,0,0,0.0,19,Iapp,0.5757389596380287,0.8076755873920528,0.5757389596380287,conserved,gene_level_ortholog_expression_concordance
Pancreatic_Beta_Cell,chr20,58864372,58864772,400,1,0.995475113122172,cCRE478530,GNAS,24854.0,nearest_TSS_gencode_v44,0.2981465970740503,0.0024886877828054297,0.5815226837571538,GGAAGTGTCCATCCTAATTCCTTATAGCTGCTCTTTCTGTGGCTCTACTAGGGCCTTCAAGATGCTGAATTCACTTATTAATTAAATCATTGACGTCATTCAGGGGGTTCCTTTTGCCCACTGCCCCCCAACATGGGAATTTTTAAATGACTGGCTCTAGAAGGGCCCAAAGATGGTGAAGGTGAATTGATATTTCAGGTGACCACTAGATGGTGAGACAGTATAAGGCAGAAAACAGGTGGCACGTGTCTGTGAAAATGAGAGGGATGGCCAGGGCTGGCAAAGGCAAAGAAGGGTCCCCCTTGACTTTTAATGCCAGCCCCCACCCCAGGACAGACCTTGGATTCAAATAGGCCCCAAAGCTTTAGCCAGACCAGCTTTTTACTTTTACGCTGTGACT,2,2,0,0,4,2,0.5,20,Gnas,0.2981465970740503,,,mouse_expr_unmeasured,gene_level_ortholog_expression_concordance
Pancreatic_Beta_Cell,chr4,165389784,165390184,400,1,0.9819004524886877,cCRE614287,CPE,28790.0,nearest_TSS_gencode_v44,0.24741430749882024,0.0024547511312217195,0.5664869612504541,AATTAGATTTAGGACATATTTTATATTGTCAGTGCTTTATTTTCACAGTTGCCAAATTATAAAGTGAAATGTCTTCTCATTTCTTAAGGAGTCTTTTTCAAACTTGTCTGTCTTCTCCTGGAATCAAGATAGTGACTGCACATTTCAGAGTGAACCATCTGGTGCAGGTCTATAGTAGGTTCTTGATGTGTTGTTGAAAGTGGTGAGTGAGTGAACACTTCAGAATGAATGACACACATATTAGATCTAGTTATACACACTTTGCCAAACCATTGACATGCATGCAAGCACACCTGCTTCTCCAGCTGCAAGGCAAATAGTTATATCAATCCATAATTCTGCCTTCCTTCTAGAATGGTGACCTTGAGGAGAGGTGGCTATCTTTGGCAGATTAATTACT,2,2,0,1,5,3,0.625,21,Cpe,0.24741430749882024,,,mouse_expr_unmeasured,gene_level_ortholog_expression_concordance
Pancreatic_Beta_Cell,chr20,58845683,58846083,400,1,0.9909502262443439,cCRE478521,GNAS,6165.0,nearest_TSS_gencode_v44,0.2981465970740503,0.0024773755656108598,0.5627994155301241,AAAAATCTCATGAGTTTTTTCAAACGCCTCCAATAGCTATGCTGGTCCAAGCACTAGTGGCCATTAATTCACAGGGCAGAGAAGCCAGAATAAACAGCCTAGTGACTTAGTTCTCCCAAGGCCAAGAGCCTGCAATGCGGGGCCACCATTACCTGTTGACAGTGCTCAGCCAGCAGAGGCAGGACTCTGCCTGCAACTATTCCCGGGTAGAAATGGGGAGGCTGCCTTCCCAGCTCCCACTGGGCATAGCCTGTGTGTTTATTTTTTGTGTTTATTTTAGGGTAAGTATGTTACAAATTAGCAGGGCACATGGCTATGAGAAAGGCCAACATAAACCCAGGCAGCAGGGACAGAGGGTAAGTGGTGACAGTAAAGTGGGGAGAGATTTAAGGAAGACAAA,2,1,0,0,3,2,0.375,22,Gnas,0.2981465970740503,,,mouse_expr_unmeasured,gene_level_ortholog_expression_concordance
Pancreatic_Beta_Cell,chr10,26238367,26238767,400,1,1.0,cCRE84631,GAD2,21902.0,nearest_TSS_gencode_v44,0.21265523087227622,0.0025,0.5608530442784277,CACACTTTCATTCACTCTTCATGATCCACAATCATAGAAATAATTGTTGTCCACAGAGTGCTCAAAATGACTGAAGACATACTCACTACTGATGTTCACATTTGTCACTGAAGATCATTCTTGGATCTCTTTTCATGTTAAACTTAACCTGGTACACATCATTCCTTTCATTTGACACTTATTTAGGGTATAAGCTCACAATGGGGCCACCTTGATCTACTAGTCAGAACTGAGTGTGACTAATAAGATAGCAGCTTCACAGACGTGCCTGTGTACAGATCCACATCACCTGCGAATCACACAGTCTCTAAAAATGTGTCTGGGAGGTCCCCTCCCCTCCAGATCATTATAATTAGAAACCAATGAGGTGGTCTCCCAGAGCACAAGCTTGTTTGTAAAT,4,1,0,0,5,2,0.625,23,Gad2,0.21265523087227622,,,mouse_expr_unmeasured,gene_level_ortholog_expression_concordance
Pancreatic_Beta_Cell,chr1,236233892,236234292,400,1,0.9864253393665159,cCRE71649,ERO1B,47927.0,nearest_TSS_gencode_v44,0.23710003513336805,0.00246606334841629,0.5491380698940427,GCCAGAGGTTGGGCTCTAGGGCAACACAGCAGCTCTGCCTATCAGCTTTATTATGTAGGTTCTGAAATAAGATTTCATTTTTGGACAAAAGTTCCTATTGCTCAAAACCTGTTAGAAAATAGTTGTATAAGCCTAGGGGTTATGACTCAGAAATGTGGAAGAAAGAGTTAAGAAGATTAAAGAACTATTAATCAACCAATTTCAATGGAGATAGCAGGTAAATAGCAACAGCAAGAGCTATTAATTACTTCATAGAGTACTCCTATAACAGCTAGGAACCATTCTCTTTACCTAGTCTTGTCTTCTTTCATATTTCATTTTTCTTCTTTTCTCCTCTTCCCTTCCTCTTTTTCTATGTAGTAGTTTCCTTTTCCTCATCTTTTCAGCAGTGTTATGTCTC,2,2,0,0,4,2,0.5,24,Ero1b,0.23710003513336805,,,mouse_expr_unmeasured,gene_level_ortholog_expression_concordance
Pancreatic_Beta_Cell,chr20,58811356,58811756,400,1,0.9638009049773756,cCRE478505,GNAS,28162.0,nearest_TSS_gencode_v44,0.2981465970740503,0.002409502262443439,0.5473802534608058,TATTCAGGTGGTTCAGGAAAACAGGAGCTCTCACTGCCTACTCCTCTCTTCCTCTTCTGGGGGCCAAGGTGAGCCACTCCCATTAGTGGATTCGGGAGATGCATCCATTAGGCCACCTGCCCATGGCCCGGGTGGCCGCCTCTGCCGCCAGCCGGTGCGTGGGAGAAGCGATGACCCAGCACTTCCCCAGCATGAGTGACCAAATAGCCGCTCTAGCCTTTCCCAAGAAGCCATCCTCTGTCCATAATGGAGAAATTATGTGAGGCGTAATTTATAGTAAAAATCAAATGAACATTAATTCTGGTGAGTCATCCATGCAGAAAGGGCATCGGCTATGGATGTGGGCTGCCGCCGAGTACAGCTGAATGTTTAATCAAACTGAGCCAAGACTGCGCCACAG,3,0,0,0,3,1,0.375,25,Gnas,0.2981465970740503,,,mouse_expr_unmeasured,gene_level_ortholog_expression_concordance
