cell_type,chrom,start,end,length_bp,n_ccre,ccre_ids,tau_specificity,gene_expr_specificity,motif_total,motif_score,composite_score,composite_rank,target_gene,gene_dist_bp,gene_link_method,mouse_ortholog,human_gene_spec,mouse_gene_spec,conservation_score,translatability_flag,conservation_method,sequence
Pancreatic_Beta_Cell,chr11,2161090,2161490,400,1,cCRE119781,0.986425339366516,1.0,3,0.2727272727272727,0.8429452900041137,1,INS,69.0,nearest_TSS_gencode_v44,Ins2,1.0,1.0,1.0,conserved,gene_level_ortholog_expression_concordance,TGCTGCAGAGCTGGGGCCTGGGGTCCAGCCACCCTGGAATCCTGAGCCCACCTGACGCAAAGGCCCTTGGAACAGACCTGCTTGATGGCCTCTTCTGATGCAGCCTGTCCTGGAGGGCTGAGGGCTGCTGGGCCCCCGCTGGCTTTATAGTCTCAGAGCCCATCTCCCCTACCTCTCAACCCCTGCCGCCTGGCCCATTAGGGCCTGGGGTGGGGGGGTCGGCAGATGGCTGGGGGCTGAGGCTGCAATTTCCGGACCATTTCCCTGGTGCTGGGTCTGTGGGAAGATCTCCTTGGTCGTCAGCACCTCTTCCTCAGGACCAGCGGGTCATTAGAGTCTTAACCAGGGGCCCGGTGGCCAGACCTGTCCCTGCTCACAGCTGGGGGCAAATGTCTCCAGG
Pancreatic_Beta_Cell,chr11,2163559,2163959,400,1,cCRE119783,0.986425339366516,1.0,0,0.0,0.7891402714932128,2,INS,2538.0,nearest_TSS_gencode_v44,Ins2,1.0,1.0,1.0,conserved,gene_level_ortholog_expression_concordance,CTGCAGGCCCACCTCTGAGACCACCCCCAGCCAGCACAGTTTGTGACCCCTGCTCCCTGCCAGGCCTGAGAGAGGCCCTCCCACTGTCACGTGGCTCCCCACCTTGGGAGGGCACCCCACGGAGATGGGGCAGCTCGGCCAGGGTGCCCGAGCCTCTGGAGCTGCTTGGGGCTCAGAGCTGGGCGGGGCCTCAGGGTGAGCGGGGAAACCAGGCCCGGAGGGGCCAGCTGCCTGGCCAGGGCGGCCAGCCATCTCCCAGAGGAGGAAGGAGGCCAGGGCGAAACCTCTGAGTGAGGCTGGGGTGGGGGTGTGGGAGTCTGAGGATCCCAGGGTCTGTCTCTGTGGCACAGATGTGGGGCCAGGCAGGTGTAGAGACCACAGTTTCTTTTATTGTGACGGT
Pancreatic_Beta_Cell,chr16,6834509,6834909,400,1,cCRE291066,1.0,0.5,11,1.0,0.75,3,,1594907.0,nearest_TSS_gencode_v44,,,,,unlinked,gene_level_ortholog_expression_concordance,GAATGAATGAATGAATGAATCAGTTAATTAATTAACAGGAGATATCAGTAAGTGATTTGTTCTTAAAAAGAAACCTTGCAGAAACTTGAAGGTGTTTGTTTGGGATGACTAAGCAAGGGTAGACAGATTGTTGTTACTCATAAATGTCAAAATAAGAATTATAAAATTTAGAATAATATTGTTGTCATGCTAAGTGATATCTGGAGTTAAGCGTCCTCTCTGACCTGCGACTGCTCGTGAGACAGTTGCATTTACTCAGGTAACTGTGGCTCTCAGAGTCATTCTTAAATGTTTTCTTTTTCTCCCCAATGTGTTTGTGACTTTGTCCATCTGGAAGTCAAGTTCATTTTGGCCAATTAACTTCAAAGGCCTGACTTCTCTATTTTTTTTTTTTTTTTTT
Pancreatic_Beta_Cell,chr3,103823622,103824022,400,1,cCRE536421,1.0,0.5,10,0.9090909090909092,0.7363636363636364,4,,1543087.0,nearest_TSS_gencode_v44,,,,,unlinked,gene_level_ortholog_expression_concordance,TTTATTCTCTGAATGCTCATAACAATACTTTCTAATGATGGAAATCAGCTGAATTATGTAGATTTAATTAAGTATAAGTATAATTAAAGGGAAAAAAATGTGTCACTGAAATAACTTTTAACTTCTCAGTTAAAAAGGAAGACAGTATTCAGGTCAATGTTTCTGGCTGGAGCTATATTAAGAAACTGTTGAGTTTTCAAAAGTTATTTGACCATCTGTCTTTACTTAAGCAGGTTCTAACAGAATAGGTTGTAGGCACAGGACATAATAAGAGTATGAGGAAGTGTTTCAAGAAGATCACCCTGAATTACTTGTTTGAAAAATGTTATAGATTATAGAAATGAATACAATAGAGTTGTTTTACCTTTTTTAAAAGTTCATACTTTCATCTGCAGTATAA
Pancreatic_Beta_Cell,chr13,68736925,68737325,400,1,cCRE220281,1.0,0.5,9,0.8181818181818182,0.7227272727272728,5,,1371368.0,nearest_TSS_gencode_v44,,,,,unlinked,gene_level_ortholog_expression_concordance,ATGAAACACAAAGTAGAAAATTCAGTAGAATGTTTGAAAAATAAAATAAGCTCTCTCTCAGAATGTGAACAAAAATTCAAAAGGGGTAAAAAAAAGACTTCAAAGTTTCAGAAACAGTTCAGATCTTAATAAGACTTACCCCATAGTGAGAGAACAGAGTAAACACAAGGAAATGAGTCGTAGATAATTAAGCAAAGTTTCAGCAAAATACATCCAATATTTTCTAGGTGGAAGGAAGTCATCACTGAGTCATAATGCAAAGGTTTAAAATAGATTTATACTAACGCACATAATTGGACATCAGAATACTGAGACAAGAAACAAGATTCTGCAAGGTTCTGGTAAATTTAAAGAATTATAATTACTTTACAAAAAAATCAGAATATCATCAATCTTTTAA
Pancreatic_Beta_Cell,chr12,21372582,21372982,400,1,cCRE169633,0.990950226244344,0.5757389596380287,5,0.4545454545454545,0.6955678640837387,6,IAPP,17823.0,nearest_TSS_gencode_v44,Iapp,0.5757389596380287,0.8076755873920528,0.5757389596380287,conserved,gene_level_ortholog_expression_concordance,TTATCCTTACCCTTTTCTATCAGTTCCTTACCATAACATACACTTAATTCTTGGAAATTCACTCATGTCTTACAAAGATGGCAAATTCAAACTTCTGCTGTGTATGACACACCATTAACTGCACAAGGACACTGTGTATTTGCTACGTTAATATTTACTGATGAGTTAATGTAATAATGACCCATCCGCTTCTGCTGCCTGTGAGGTACTTTCTATCTATAGGGATGGAAATTAATGACAGAGGCTCTCTGAGCTGCCTGATGTCAGAGCTGAGAAAGGTGTGAGGGGTATATAAGAGCTGGATTACTAGTTAGCAAATGAGGGGGTAAATATTCCAGTGGATACAAGCTTGGACTCTTTTCTTGAAGCTTTCTTTCTATCAGAAGCATTTGCTGATATT
Pancreatic_Beta_Cell,chr21,24043543,24043943,400,1,cCRE483214,1.0,0.5,7,0.6363636363636364,0.6954545454545455,7,,1563774.0,nearest_TSS_gencode_v44,,,,,unlinked,gene_level_ortholog_expression_concordance,ATAAACCACATTTTTGCATTCAACTACATGAAATGTTGATTAAAGTCTTCGAGAATAAACAATAGCATCAGCAGCAACAACAACCATGAAATATTTCCTTCTCATTTCTAACAGTTATGACTACACTAGGATTTCTCTGTTTATAAATCTTTCCTTTTTGGGCTATCAAGTAGTCTAATCACTCTCAGTCTTAAGCTTTATTTGTTTTTACTCAGCCATTGGTTAATTGGTTCACTCAACAAACACAGTTGTGAGATGCCTACTAAACGTCAAGGTAATACTAAATAATGAGAATATACAGATTTATAACACAGAGACATCATTTCTACTATGGAGGGGGTTAACATTCTTTAATTATTAACCACTAGTATGGTAGTAAAAAGAAAATAAAATTCAACCG
Pancreatic_Beta_Cell,chr10,9376570,9376970,400,1,cCRE78742,1.0,0.5,7,0.6363636363636364,0.6954545454545455,8,,1331392.0,nearest_TSS_gencode_v44,,,,,unlinked,gene_level_ortholog_expression_concordance,TCACTGCTGCTTCCAGGGCCCCTCTTAATTAACAACATCTTTTGCTTGGTGCCTGTAAACAGTGCAGATCTAAATGCAGCACAGAGCTACAAATCCCTTAACAAGTCATAGAAAACTCACCGCAAGGTAAGAGATGTGTTGAAAGAGAGCCAGAAAGGTGGCAGGAGCAAGTACCAAGACCATCAGAACCATCTGTGCTCTGTTTGGATCTCTGGTAAATGTATTTCCATTCTGCAATTAAATTCTCCTATAAACATTCAATTTTATGGTTCAGCAGACTAGGTAACATCCAGATAAAGATGGATAGTTCAAGTCATATAATCAGTGGGGTTGCATGGCCAGCAGCTATGAGCTTCCCAAGAGGTTTGGTTAGCATAATATTGTCCATGTATGGGAACAG
Pancreatic_Beta_Cell,chr11,81440038,81440438,400,1,cCRE144337,1.0,0.5,6,0.5454545454545454,0.6818181818181819,9,,1293626.0,nearest_TSS_gencode_v44,,,,,unlinked,gene_level_ortholog_expression_concordance,ATACTGCTATGAAGAAATACCCAAGACTGAGTAATTTATAAATAAAAAGAGGTTTAATGGACTCACAATTCCACAGGTCTGGAGAAGGTATCACAATCATGGCAGAAGGCAAAAGAGGAGCAAAGACACATCTTACATGGCAGCAGGTGGAAGGGCGTGTGCAGGGAAACTGCCCTTTAGAAAAGCATCAGATCATGTGAGACTTATTCACTATCATGAGTACATCATGGGAAAGACTCACTCCCATTACCTGTCACTGGGTCCCTCCCACAACACATGGGGATTATGGGAGCTACAATTCAAGATGAGATTTGGGTGGGGACACAGCCAAACCATATCACAGAGTGATTCAGAGAATTAAGTAAAAGGGAATTAACATTGAGAGAGAATGCATTAATTA
Pancreatic_Beta_Cell,chr3,78702685,78703085,400,1,cCRE531667,1.0,0.5,6,0.5454545454545454,0.6818181818181819,10,,1065113.0,nearest_TSS_gencode_v44,,,,,unlinked,gene_level_ortholog_expression_concordance,CATTGATGCCATTATTTCAGAATGTTGGTTTGGTTTCTAAATACAGTTGCTCAGTTATACATCTATATAATTGGGCAGTGAGAAAACCTTACCCACTGTTATGTAGACGAATAAATCACAGTAAAACTCAGACCATCATGGAAGGCCTATGATGCGCTATTTACTAGTGTGGTGCTATGTCATTATTTGTCACTGAATCATCTTATGTATCAATTATTTCTTGTACCTGACTGCTCGACTTATTTCTTCAAATATTTGCCTGGCGTGCACAATTAAGAGAGCATTTCAAATTCTCTGTAGGAAGGCCATGAAGTGAATGCCTTTCTTTTGATTAATTTTTATGATTTATATCTGTTTTTTTGAAATAACTGAAAGCAACCCCAAATCTTTTTTCGTCGAT
Pancreatic_Beta_Cell,chr2,194203905,194204305,400,1,cCRE441712,1.0,0.5,6,0.5454545454545454,0.6818181818181819,11,,1371872.0,nearest_TSS_gencode_v44,,,,,unlinked,gene_level_ortholog_expression_concordance,GAACCATATCATTAGCAAAGAGAGATAATTTCACTTCTTTTTCTCCTATTTAGATGCCTTTTATTTCTTTTCTTCTTGATTGTTCTGGTTAGCATTTCTAATACTATGTTGAATAGGAGCAGTTGGAGTGGGCAGCCTTGTCTTGTTCCAATTCTTAAGGGGCGTGCTCTCAGCTTTTGCCCAGTGAGTGTAATGTCTGTGTGTTAGTCATAGATGACTCATTATTTTGAGGAATCTTTCTTGATGCCTACTTTGTTGAGGGTTTTAATCATGAAGGGATGTTGGATTTTATCAAAAGCTTTTTTCTGTGTCTTTGGAGATGACCATGGTTTGTTTGTTTGTTTTTGTTTTTAATTATGTTAATGTGGTGAATCACATTTATTGAATTGTATATGTGGTG
Pancreatic_Beta_Cell,chr19,27748728,27749128,400,1,cCRE373392,1.0,0.5,5,0.4545454545454545,0.6681818181818182,12,,1464223.0,nearest_TSS_gencode_v44,,,,,unlinked,gene_level_ortholog_expression_concordance,CTTGCCCACAAAAATAGTTTACTCCCCCATACCTAATGCTTTAACACTATTTACTGATGGTTCCTGTAAACATGGAAAAGTGACAGTCTGGTGGAGACCACATCATTCAGTCACTCAATCTGGGCTTACTAGCACTCAGAGAGCTGAAATGGGGCCCTGATACTGGTCTTGGAAACTTTTTCCACTCAGCCTATCAATATAGTGAGTGACTCAGCTTACTTTGTTTATTTATTGCAGAACCTTAAAACAGCCTTAATTAAATCCAATCTTGAGCCCATCCTGTGTGCTCTTTTTCTTCAACTTCAGCAATTACTAGATCTAAGTACACATCCTATTTTTATCACATGCATTGGAGCCCACAGCTCTCTTCCTGGCCCATTGACTTATGAAAATGAACAAG
Pancreatic_Beta_Cell,chr18,39951326,39951726,400,1,cCRE352423,1.0,0.5,5,0.4545454545454545,0.6681818181818182,13,,2003708.0,nearest_TSS_gencode_v44,,,,,unlinked,gene_level_ortholog_expression_concordance,AGCAAGTCACGCAATTATTTTTTGGTTTCCTAGTCCATACAAAATTTATGTTTACACTATAGTCCAGTAAGTGTGCAATAGCATTAGGCCTAAAAAACAGTGTACATACCTTAATTAAAATACTTCATTGCTAAAAATTGCTACCAATCATCTGAGCCTTCAGTGAGTCATAATCATTTTGCTACTGGAGTGTCTTGATTTGATGTTGGTGGCTGCTGACTAATCAGGGGTGGTAGTTGCTGAAGGTTAAGGTGGCTGTGGCAATTTCTCAAAAAAAGATAACAATGAAGTTTTCCACATCAATTGACTCTTCCTCTCACGAAAGATTTCTCTGTCGCATGTGAGGCTGTTTATAGCACTTTACCCACTTCTTTCGAAATTGAAGTCATCCCTCTAAAAC
Pancreatic_Beta_Cell,chr13,55055676,55056076,400,1,cCRE218089,1.0,0.5,5,0.4545454545454545,0.6681818181818182,14,,2027063.0,nearest_TSS_gencode_v44,,,,,unlinked,gene_level_ortholog_expression_concordance,GGTAATGTAACTCCAACCACTGATAATTCCCTTAACCCAGCAGATTTCCTAACAGGGGATTTAAATCTTAATTACCATACAAAGGTCTGACCAGACCTAGGAGGAACTCCCTTCAGGACAGGATGGTAGATGGTTCCTCCCAGGTGATTAAGGAAAAAAACCACAATGTGTATTCAGTAATTGATACAGAGACTCTTGTGGAAGCAGAGCTAGAAAAATTGCTTAACAATTGGTCTCCTCAAACGTGCGAGCTGTTTGCACTCAGCCAAGCCTTAAAGTACTTACAGAATCAAAACACTACCTCAATCCTGACTCCAAAGATTCGCTACATCCTCTCTGGAATGAATTTGCATAAGAACTATTGTTTATGGGGATGCATCTTCATGGGGCAGCTGGGTTG
Pancreatic_Beta_Cell,chr1,195428286,195428686,400,1,cCRE56313,1.0,0.5,5,0.4545454545454545,0.6681818181818182,15,,1180739.0,nearest_TSS_gencode_v44,,,,,unlinked,gene_level_ortholog_expression_concordance,AGGAATGTTGCAGCAGAGAAAGCATTTAATTATGGCAAAGCAGGTAAACAGGAGGACAGACGATAATTCTCAAATCTGTTTTCCTGAGAATTCAGAGGCTAAGAGTTTGCAAAGATAGTTTGGCAAGCAGGGGGTTAGGGAATGAGGAATGCTGATTAGTTGGGTTGAGGATGAAGTCACAAAGAGCCAAGCTGTCTTCTTGAGCTGAGTCAATTCCTGGGCTGAGGTCACAGGATGAGTTCAGTCAGTTTCTTAGTATGGGTTACCTGTCCTGGTGGCAACAGCTGGGCTATCAAAATTCAAGGTCTGAAAAATACCTCAAAGACCACTCTTAGGGTTACCATAATGATGTTATCTATAGGAGTAACTGAGGAGTTTGCAAGTCTCTGCCTAGATGACT
Pancreatic_Beta_Cell,chr12,21341807,21342207,400,1,cCRE169625,0.9819004524886876,0.5757389596380287,3,0.2727272727272727,0.661084395283762,16,IAPP,12952.0,nearest_TSS_gencode_v44,Iapp,0.5757389596380287,0.8076755873920528,0.5757389596380287,conserved,gene_level_ortholog_expression_concordance,GAGCTCTATGTATGTATAAAATGGTTCAAGGTCGGGATAGTGTCCATTCAGATTTCTACTTTGGGACGAGTAAATAAAATGATGATTTAAATCATGTAAAGGGAACAGTTTGGAGCTCTGTGTATGTATAAATGAGGCATGGGATGAGGATTAATCGATGAGCATGTGCATATGACTCACCTATCCTTCCCTTTGCCACTCAGCTGAATACCGTTTGTCAGCATGGTGGTTTGGATCATTAGACAATTTTAAATGATCTATATTTGTGGTTATATGCTGTTTTATTTCTACCTCTAATGGACCATGGCTAAAGGCAGGAAGCATAAAGAGCACTGGTCTCAAAATATAACCTAATGAGGAGCATAAAATGATAATGTTATACATTTCTCTCAAGATTGCC
Pancreatic_Beta_Cell,chr12,21380637,21381037,400,1,cCRE169636,1.0,0.5757389596380287,2,0.1818181818181818,0.6589453831213575,17,IAPP,25878.0,nearest_TSS_gencode_v44,Iapp,0.5757389596380287,0.8076755873920528,0.5757389596380287,conserved,gene_level_ortholog_expression_concordance,TTCTCACAACTACTTTGGGAAAAAAATAATGAGAATAACTAAATTATTGTAATTGGAGGTACCAACAGTAAAATTTTGGTGACTACGTTTATCTTAACCTTTCTCATTGTGTCTAGGTACATGAAATCATAGGTACCCTTGAGTAACCTGAGTGAGTTAGGCTTCCAAGTGCTAGAATGGGTAGCTAGGCAACCATGAGCAGGGAAGAGAGGGCCCCCCAACCCAACCCACACCCCCATGCCCCCACTGCCCCAGCCCCCGACCAAGAATTATCAGGCGACTATCAGCTGATGGTCAGGTGATTGTTAAATTGTCTCTCTAAAATAATAACTGGTCGTAGCCAGCACCAGAGAAAGGTAGACTCCCAATAGGTAGAAAACACCTAAAACTGATGATCGGC
Pancreatic_Beta_Cell,chr3,77442213,77442613,400,1,cCRE531369,1.0,0.5,4,0.3636363636363636,0.6545454545454545,18,,1535718.0,nearest_TSS_gencode_v44,,,,,unlinked,gene_level_ortholog_expression_concordance,AGGCAGGAGAATGGCGTGAACCCGGGAGGCAGAGTTTGCAGTGAGCTGAGATCGCGCCACTGAACTCCAGCCTGGGCGACAGAGCGAGACTCCGGCTCAAAAAAGAAAAAAAAAAAAATTACATTCATGAGTCATGTGTTTGTTGCATGATGCTATTTTCATTCAAAGAGAGAGTATGGTCATTCTGTAAAACTATCCTGTTGTGTAGGAAATAGGACTGTAATTTTCAAACTTTTTTCACCCAATGAAAACCTTTTCTTCATGGCAGAGCTGTATCATATAAAACATAATTAAATAGTATTTAAAGAGATACTATGAATGTAAATGTCTAAGGATAAGCATTTAAAACTTATACATATCAAAACAGTCTCCAATACATGGCACAATATCATGGTGCTGT
Pancreatic_Beta_Cell,chr2,146661019,146661419,400,1,cCRE426502,1.0,0.5,4,0.3636363636363636,0.6545454545454545,19,,1183298.0,nearest_TSS_gencode_v44,,,,,unlinked,gene_level_ortholog_expression_concordance,TTAAACTAAAGACAGACACTCTCCCTCATTTGGAGTTATATTTACTTAATTATTGTCCTGTTTTCTTAAAGAGATTTAAGTGGGTTTTTTAGAAGTCACTAGATTCACTGGGCCCAGAGACAACATTATCATTTTCTATAGCAGTTCTCATTTTTCTTAAAATCATGACCCATTTGATATCTTAAAAACAGCAACATTAATTTTAATTTGTCTTATTGTAGGGTATAAATTGACTAAATGTTAATAGCATTCTTCTAGAGTAATCAGTTCTACATGATTAACCTAAAAATTGCCAAAACATTGTTTACTCTTCATTTGTATCTGAAGAAAAAGGCATGATGAGTCAGACAGATTTGGATTAATTTACTTTCTGATCTGCATTAAAACTTGCCACAATGAT
Pancreatic_Beta_Cell,chr13,69012908,69013308,400,1,cCRE220316,1.0,0.5,4,0.3636363636363636,0.6545454545454545,20,,1095385.0,nearest_TSS_gencode_v44,,,,,unlinked,gene_level_ortholog_expression_concordance,GAAAACACAGTCGCAAGAAATGCGGGCTTGAGGTTCAGGAGGACTTCCCCTGAGAATCCTGCCACCACATTGTGAACAAGTCAAGGCTACCATGGTAGCGTATGACAGAAGATGGAGACCAATCAACAGCAATCTGGCCCATGATTATGTAAACCAACAGAATCAAGATTAGCAGAGCTAACTATCTGTTTCACTGTTGATTGCAGAGGCATGAGAAAACACATCCTAGAGGATAACTAATACCCAACTGATACAAACATAGATGAATCACTTTTGAGTCACTTTGTTTCAGTGTCATTTGCTAAGCAGTAATATTGACCTTAAATAAAGAAAGGGTAAGACTAAACATAACTTTTCTATTTGATGACTTAATTTTAATTATTAAAAAATATTTTCACCA
Pancreatic_Beta_Cell,chr13,55407499,55407899,400,1,cCRE218121,1.0,0.5,4,0.3636363636363636,0.6545454545454545,21,,1733219.0,nearest_TSS_gencode_v44,,,,,unlinked,gene_level_ortholog_expression_concordance,CATGTAAGAAATCAAGAAATGTTCCAGTCATGATCCCTTGTCAATATATTGTTACAAACTGAAACTGCACACCCACTTATTTTCTTTGCCCCCTATTGTGTGTTAAAAATATACTTAGTTTTTTTATGGTTATAAATAAGCAATTATCCCTAGTCACTACTCATTATATTAGTCATTACTCCTTTCCCTAGTCACCATACCTGTTAGTCATCGATACAACTCGCCCGTCTTTGTAACTCTCTCATTTTGAAACCCATTTGCACAATGTAAGAAATTAAAAGGAAGAAAAACCTATTTCTCTGTGAGAAATCACCAAGTATAATCAGTGGGCAGGATTCTAGTGAAGGATAGTATTATTTTATGTCATTATGATTAGCACACATAATCCCCTTTCTAAATT
Pancreatic_Beta_Cell,chr1,194447582,194447982,400,1,cCRE56191,1.0,0.5,4,0.3636363636363636,0.6545454545454545,22,,1261169.0,nearest_TSS_gencode_v44,,,,,unlinked,gene_level_ortholog_expression_concordance,TTGATGGGATATAGTGGCTATTTCTGTGAACGGAAAATCAGTATTTGATAGACCTACTGCTATTTTAATAACTTAGAGGGCAAACGACTACTAGATCAAACCAAAAGTGTCTTAATTCTCCATGTTATGCTTAAACTATTAAGAATGGCTTTAAAGTTCAATTCCCTCATTTAAAAATCTGGAGCATCCTTAATGATCCAGATGCTCTTAAAACCACAAGCCAGAACTGAAATTCTGACTCATGTGTGATACACCCAGAGGTGTCACTTGATGAAGTCATTTATCTACTTAATTGGTTGGTCAAAAAATATGCATGTTTTCATTCTAATGTAAGGAATTTCCGTTTAAACCAAGACTTCCCTTCTCTTACCCTATTTTAGCAGAAAAAAAGAAATGTACT
Pancreatic_Beta_Cell,chr12,21374677,21375077,400,1,cCRE169634,1.0,0.5757389596380287,1,0.0909090909090909,0.6446204834882845,23,IAPP,19918.0,nearest_TSS_gencode_v44,Iapp,0.5757389596380287,0.8076755873920528,0.5757389596380287,conserved,gene_level_ortholog_expression_concordance,AGCAGAATATCTGAATGATGACAGGAAAATCAGTAGTATTTCCTAGTATATCTGTTTATATCTTGATACTTTCTTTCAATAGATATAGAAATTTACTAAGCACTTTTACCCTCTCTTTTTTTTATTTTATTTTGAGACAGGGTCTCTCTCTCTCTCTCTCTCTGTCTCTGTCACCCAGGCTGCTGGAGCACAGTGGTACAATCATGGCTCACTGTAGCCTTGACATTCTAGGCTCAGGTGATCCTCCCACCTCAGCCTCCCAAGTAGCTGGGACCACAGGCACCTGCCACCATACCCAGCTAATTGTTTTATCTTTATTTTATAGGGAAAGGGTCTCCCTATGATGCCCAGGCTGGTGTCAAACTCCTGGGCTCAAGCCTTCCTCCTGCCTCAGTCTTCC
Pancreatic_Beta_Cell,chr12,21308770,21309170,400,1,cCRE169613,0.995475113122172,0.5757389596380287,1,0.0909090909090909,0.6417036487213692,24,IAPP,45989.0,nearest_TSS_gencode_v44,Iapp,0.5757389596380287,0.8076755873920528,0.5757389596380287,conserved,gene_level_ortholog_expression_concordance,CCTGCGTAATGACTCTACAAAGAAGTCCTCCTTTAACCAAGTCCTACACATATTTACAGAACTTCCAGCTGGCTTCTTGTTGTTGTTATTCCTCCCTCTTAAATGTGAATAGATAACAAACAACCACCAGATATATGAGAGAAGTCTGTAACAGTAAAGACAGTTACAAACAAATAAAAAAACGGTACACTTGGAGGAGCCAGAGACCAAGAAGAAAGATGAACAAAATTTAGATGGGAAGAGATAATGCATTCTTGAAAGAATAGTATGTTCCTTAAAAAGGGACATTCAAAGAATAAGAGCCCTTGAAAATTAAAAATGTGGTAGCATAAGCTAGAAAGCCATTCAAAGGCATGGAAAATAAAGTTAAATCTCCCAGAAAGTAACAAGAAGACAAGAG
Pancreatic_Beta_Cell,chr1,187930028,187930428,400,1,cCRE54936,1.0,0.5,3,0.2727272727272727,0.640909090909091,25,,1101279.0,nearest_TSS_gencode_v44,,,,,unlinked,gene_level_ortholog_expression_concordance,CTATATTAAAGAAGACACTAGCTTTGTTAAAATATTTCTTTTATATTGGAAAGAATATTTGGAACATATGATATAAAAGTGGGTGAAATACTTACAATCATATATCTGGAAATAATTCTCTTTATAACAAGTATCTACCAAGTACTAACTATGATTAGGAACTGTGCTAAGTGCTTTGCATGAGTTGTCTCTCGATGATCTAATGCAACTGGTACCATTATCATCACATTGTAGAGAAGAAAAATAACCCTCATGGTAAATATTTGTCCAAGGCTATTAATGACAAAGAGAACATGCTTTTAATATCTGAGTATCCTGCTATCACTTAGTATTGAAAAATATTATTTAGAATACTAGATACAACTAAATTCACAATTCACCACCTTCTGAAAAGAGAACC
Small_Intestinal_Enterocyte,chr13,53873562,53873962,400,1,cCRE217941,0.9773755656108596,0.8097631574460461,3,1.0,0.8844091448152623,1,OLFM4,844949.0,nearest_TSS_gencode_v44,Olfm4,0.8097631574460461,0.246792644338404,0.246792644338404,conserved,gene_level_ortholog_expression_concordance,AGCAGGAGTGAGTTCGAGCAAGCGGCTCAAAAGCCTCCTTAATCAGGGTTTTTATTAAGCTGTAAAGAACCCGGCGACACCCTTCGGTTCCCGCCTGCCCCCCCGCCCCCCCACCCCGAGGCCTCCAATTGGCCACACCCATGAAGGACTGACCTGTGACCAATCAGAGGCTGAAGTGGAGACCCCGCCCGCAGTCAATCAGAGGCTGAAGTGGCTTGTTATCTTGGGAGCGAGGACGAGGCCTATTTGCTGCACTTGCTGCTCTCCTGCCTATACGACCTGGCTGCACCTGCTGTTCTTTTGCTTATGCGAACTGGCTTCACCTGCTGTTCTCTTGCTTCTGCGAACTGGCTGCACCTGCTGTTCTCCTGCTCATGCTTTAACCCCTGCTCACCCCAGT
Small_Intestinal_Enterocyte,chr2,79120165,79120565,400,1,cCRE408553,0.9592760180995475,1.0,1,0.3333333333333333,0.8313725490196079,2,REG1A,3.0,nearest_TSS_gencode_v44,Reg1,1.0,0.4823150882399544,0.4823150882399544,conserved,gene_level_ortholog_expression_concordance,CTCTAAATTTACAGGGAATACAAGGAAGTCTACTGTTCTCTGCTCCTCTCTGGGTTATTAGGGCACATGGGAGCCCTCAGTTGTTTTCTGCTGAGCAAGAGCAAAGTCCACCTTGGACTTAGACAGCTTGCCAAATTTTTTGCCAGAAGGGGACCTGAGTTGTGACCACTCCCAGTGTGTGCCGGGAAAAGGCTCGTACTGGTGCCAGAATCTCTTACTGTCAATGCTCCCAAAACTCACCGCTTGCCCCCACCCCTTTTGCTTAAATGACGTGGTTCTTATCTCAGATCCTGATATAAAGCTCCTACAGCTACCTGGCCTGAGAAGCCAACTCAGACTCAGCCAACAGGTAAGTGGGCATTACAGGAGAAGGGCGTCTCTAACATGCACTGTAGATCTA
Small_Intestinal_Enterocyte,chr13,53085956,53086356,400,1,cCRE217773,0.995475113122172,0.8097631574460461,1,0.3333333333333333,0.7806821463492749,3,OLFM4,57343.0,nearest_TSS_gencode_v44,Olfm4,0.8097631574460461,0.246792644338404,0.246792644338404,conserved,gene_level_ortholog_expression_concordance,TTGGTCTAATTCGACTGAAGGGAACAATTTATCCTGCCTGGTTAAGGGAGAGGTTTTTTTCTTCCTCCTGCTAGATGCATGTAGCTCCTTTGGCTCTACCAGCCTCCTTGCAGCCATGAGGGTACCTAGCCTTGGGTGAAGCTGAGAGAGGCAAAATAGAGAAGAGGAAACTCCTAGGTTCTTGAGGGCATCACTGAGTCATTGATCATGTTGCACCTGGAACCCGTCCTATCCCTGGACTTCTGGTTATGAAGATAATGCATTTCCTTATTGTTAAAGTGGTATCAGTTGAGATTGTTTATTGCCCGAAGCTGAAACATTCTAATTGTTGCATCAGGTATTTTAGCAATCAAAACAAAAACAGAGATTAAGCTCACTTATTAAAAGGCAGAATCTTAGG
Small_Intestinal_Enterocyte,chr2,79117514,79117914,400,1,cCRE408552,0.9683257918552036,1.0,0,0.0,0.7746606334841629,4,REG1A,2648.0,nearest_TSS_gencode_v44,Reg1,1.0,0.4823150882399544,0.4823150882399544,conserved,gene_level_ortholog_expression_concordance,AAAGGTCCTTGAAGTTCCTCAGAAAAATAAGGAAAATATTAAAGGGATTGAATGTATGGCTTTCCTGAAAAAGGAATTTCTCTGGGACCAAGGCTGCTACCAATTTATGTCCTAAATTTTGTTATCTTGCATGTGGAATTTGGCCAGTCACCTATGTAAGCAATAAGTGCAACTTCTCAATGGATTTACTGCTACTGGGGACAATAAAGATTTTTATGGGAGTACTTTGTCAATTGTTATTTGTTTTGAATCTCTGTTTTATGTCTTCCTGGTTGTAACATATTTTATTGTGTATTTTAGAGTATTAGGTCTTTTATACCTGGACAGTCATTTCTTGTTTGAAGTTATGTTAAATTTAGAAAAAATCTCATATTTTAAAAATATTTATTATAAAGTCATA
Small_Intestinal_Enterocyte,chr13,53032841,53033241,400,1,cCRE217748,0.986425339366516,0.8097631574460461,1,0.3333333333333333,0.7735850359279179,5,OLFM4,4228.0,nearest_TSS_gencode_v44,Olfm4,0.8097631574460461,0.246792644338404,0.246792644338404,conserved,gene_level_ortholog_expression_concordance,CCCAGCTTGATCAGGCATTATGGAGGTTGGTGGCCATTAAATGCACAGGACCCATTACACCACCTGCAGCTGGCTGACCTGAACTTTGAGAGACATGGCCAGAGTCACTTCTGGCTCTGAAGACCATTGCTGTCTCCTTAGAGGTTTCATAAAAAGTCCCTTCAGGCTGATGTTCCACAGGTGAGCTTTGGGTTGGCTTTCAGATGAGATCATTAAAAGGCACAGCAAATTGGCTGCCAAGGGTTACTCTGTAAGGCAATAGTAGTAATAAAAAAATGTTAATTGTGCTGGGATCCTCTTGGGGAAGTTCAAAGGGGACAAAAGAAAAACAGGATCTTTCAAAAGTGTCATTTAAAAATATGCGGTGGCACTGAAGTGTGAGTCTGAATATCTTAAATGA
Small_Intestinal_Enterocyte,chr2,79115089,79115489,400,1,cCRE408551,0.9638009049773756,1.0,0,0.0,0.7710407239819005,6,REG1A,5073.0,nearest_TSS_gencode_v44,Reg1,1.0,0.4823150882399544,0.4823150882399544,conserved,gene_level_ortholog_expression_concordance,CCACGAACTTCTGTCTCTCCCATTCCCCACTGCCCCAAGCAGGATGGTTCACATCTTGTCCTGCTGCTGCCCTTGTCCCTTGTCCCACAGATGGTCCTGCTCAAGGCTTACACCACTCACTGCCCCTCCTCCCAGAGTCCTCCCTTCACACCCATCATCACTATTCCTGGAAGGTCTCTGCTTCTTCCTGGGCTGCTCAGGGCCATGAGAACTGGACATCTGGTTGCTGCTGGGAAAGGACAAAGCCCATCTTTGACTTGCACAGTTTGCCAAGCTGTTTGTGAAAGAGGACTTTATATGTGACCACTCCCAGGGTGTGTCAGGAAGAGTTCCCCCTGATGCCAGAATTCCCTTGTGTCAGAGCCATTTGTAAGGTCTCTGAGTTTCTACCGTTGCCCTC
Small_Intestinal_Enterocyte,chr11,116823184,116823584,400,1,cCRE154899,0.9592760180995475,0.7169701723226212,2,0.6666666666666666,0.7686225447139577,7,APOA4,80.0,nearest_TSS_gencode_v44,Apoa4,0.7169701723226212,0.7523757510570354,0.7169701723226212,conserved,gene_level_ortholog_expression_concordance,GGAACATCCTGAGCTGCTTGCTGGGCTGGAGGAGTTTCTTGCCACACTGGATCCTCCCTACAATCAGGGGAGCTGACAGAGAGGTCCTCAGGAGAGCTCACCTGCGCTGCAGTGGGAACTGACTGAAGCTCAGAGCCAGCCAGACATTTAAACTCTCTCCCTATCGCCACCCCCCTGGCTGCCCTCCCCTCCTCCTTCCTCAGTGTGACTCCACGCTGGAAGGTGACACATTCCCAAGAGGCCTCTTGGACTTTTGTGACCCTGAGACTACGTGGAAGCTGACAGCAGATCAGGGCTCAGGCGATAGTTAGAAGTGGTGGCTGTTCCGTGCGTGGGCACCCCCACCCCCACCCCACCAACCTCAGCATGGAAGGGAGGAGGGGAACGGAAAACAGTAGGA
Small_Intestinal_Enterocyte,chr13,53907844,53908244,400,1,cCRE217946,0.9683257918552036,0.8097631574460461,1,0.3333333333333333,0.7593908150852038,8,OLFM4,879231.0,nearest_TSS_gencode_v44,Olfm4,0.8097631574460461,0.246792644338404,0.246792644338404,conserved,gene_level_ortholog_expression_concordance,AGCTATTAATAAAATATCTCTAGTGCTTATCAGGCCATTTTGTGCAATAATGTTATCAACATATCCTTAATGACTCTATGTGATAAACAATGTTACTGCTAGGCACCAAGTGCCTAAATAATCCTTTAACAGCCATATAAAATTTGAGTGAAGTAGCTGAAAGTTGGTGGATATCTCAGCTCCACAGTTCAGATTCCCTATCTCTCCTTTATTGCATATATTCGCACATGTATCTTGGCACAGTCTCTGTATGCCAGCAACTGCAAAATTCTACTTGGCAGTCTCTTCACAGGTTGATTAGAGTTGTTACTTGGCAGTCAGTGTTTGAGTGTCTCAAAGATCACTGCCACATATCTTGATATATTTTAATTATACCCTGCATGTATGAAAAAGGACCCTT
Small_Intestinal_Enterocyte,chr2,79139418,79139818,400,1,cCRE408563,0.9457013574660632,1.0,0,0.0,0.7565610859728507,9,REG1A,19256.0,nearest_TSS_gencode_v44,Reg1,1.0,0.4823150882399544,0.4823150882399544,conserved,gene_level_ortholog_expression_concordance,GCCTTATAATGCACCAGAAGATAGGTTAAGATCTGTTCATTAAAATTTTAGAGGAACCAGGTCTTTGATCTTTGGAGAAGGTAATTATAACTCACAAGAGGATTCCAGACTAATCCCCATATATGTTTTTCCCCTGTAAAGTCAGTTTATTAGTTTAACTTGGCTGTGTGACAAACTTTCACTCTCATTCAGATTATTGACTGAATTCAGTTCCTTGTAGTTGTAGAGTTGTAGCACTGAGGTTCCCACTTCCTTGCTGGCTATCAGCTTAGGTGCCAGTCTCAGCTAGATTCCTTGGTACAAGAACCTCTCCATCTTCTAAGCTAGCAACAGGACAGTGAATTCTTTTTGGCCTTTGAATTTCTTGACTTCCCCTTATGCTGCCAGTCAGAGAAAATTA
Small_Intestinal_Enterocyte,chr1,206940181,206940581,400,1,cCRE60825,0.9638009049773756,0.785266736834062,1,0.3333333333333333,0.7456114018542259,10,PIGR,6085.0,nearest_TSS_gencode_v44,Pigr,0.785266736834062,0.6421774642327558,0.6421774642327558,conserved,gene_level_ortholog_expression_concordance,CCCTCAGATTTCACAGCGGGTCATAGAGATGCTTGGTTGAAGTTAAGGTCTTTGTTATTCTCAAAGAAGATCTTTCACAGACCCCTGGCCTTGAGATTAGGAAGTGCCATTCCTGTCCCTGACTTCCAATGCTCACAGATGTGGCCTTTCAGTGTCTTCTCTGTATGACTCTTCCTCAAGGAAGTGCCAACTTTGAGAGGGACATCCCTGGGGATGAGTCTGATTTTAGTGTCCCCAGGGAGGTGAACCCTGGAGTCGGGCAGGCTGAAGGGGTGGAGCTTGGAGAGTTGGGGCCTGGCAGACACACCTGGGAAGACCGCCAGCAGGCAGGTGAGCACGAAGAGCAGCATTGCTGGTGGGTCCCGAGCGCCGCACCACTCAGGCCGACTTCTCCTGTGCA
Small_Intestinal_Enterocyte,chr15,40350716,40351116,400,1,cCRE266956,0.9095022624434388,0.8605202068645268,1,0.3333333333333333,0.7332638462348429,11,PHGR1,117.0,nearest_TSS_gencode_v44,,0.8605202068645268,,0.0,no_ortholog,gene_level_ortholog_expression_concordance,TCTACAAATGTTCAGAGCCAGTCCCTGGTGTAAACAGCCTTGCCAGTGTTGGGGACTTCTGCCTGGATTCTGTGGCATCTCGTTACCACACCAATCTGGTAACGGCTTGTTCCCCAGCCTCCCCATCACACACACACACACACACACACACACACACACACACACATCCTGCTTTCAACTGTCCTTTGCCCAGATAAGGATTAGCCCATCCCTCTTCATTCCCTCGAGCCTTCTGCATCTGGCCCTCCCAGTGCACCTGTTCAATCCCAGCCCCTCCCTGACCTGTACAAATACACCTGAGGACAGACAGTGCCCCAGACTTCCTGCCCCTGCTCTGCACTCTCAGGTAGGGACCTGGCTCTACTTGCTGTTGGCTGGGGACAGTAGGGTCTCTGTGGGG
Small_Intestinal_Enterocyte,chr13,53053356,53053756,400,1,cCRE217761,0.990950226244344,0.8097631574460461,0,0.0,0.7173540841279351,12,OLFM4,24743.0,nearest_TSS_gencode_v44,Olfm4,0.8097631574460461,0.246792644338404,0.246792644338404,conserved,gene_level_ortholog_expression_concordance,GCTTTTTCCCCAAAGTCATGGACATGGAATTATATAGTGAATAGGCTTTTGAATCTGCCTTCTTCAACAAGGGAATTAGTCGGTTCAAATTACCCCAGAGGAGAACTGGGCATTACTAATGCTCTTGGGGTTCCCTGCATTGTTTACTATCTTTCCTGGGGTTGGATAGGGGATTACGGAGAGCTGTGGTGACCTACTGCCCTTATAAGTGTTCCTGAGTGGCCTCTAGGGCCATGGGAGGGGTCTAAATCTGTGTACCAATCAAACCTACCAGGCAGCGCTCCCAAAGCATGAGGGTTTCTTGTTACCAGGCTTGTTGAAGGTTTGTTCTCCAATCTTTACTCCTGTACCACAAGCATCCCTACCCAGGTGAGACTGTATATTAATTAACATTGCATAG
Small_Intestinal_Enterocyte,chr1,206958138,206958538,400,1,cCRE60840,0.995475113122172,0.785266736834062,0,0.0,0.7108754427212555,13,PIGR,11872.0,nearest_TSS_gencode_v44,Pigr,0.785266736834062,0.6421774642327558,0.6421774642327558,conserved,gene_level_ortholog_expression_concordance,TAGTCAGAAAAGGAGCCCCCAGCAAGGGCTGGGAGTGTTGATAGGGGATTTGTCACTTTCCACACTGATTGGAAGCCTCTTCTATTTTCAAACATTCAGGAATGGAAATTTCATGCTTTTCCTAGGTGACCTCTTCCAGTGTTTCATACACTGTTCTTGAAGTCTCCTTTGAGTCATCTTGTCACCTTTGGACGTGGATAATGCTTGACTTTCTTGGGCCCAAGGACAGCCAGCCTTTCTTCCATGGGTGGAGCACCGGCTGCATCAGCTTCTCTTCCCACAGGTGGAGGAAGGATGATGGAAAGAGGCTGGGGTCCTGAAGGCCTTTGATCTTGGTCCTTCTCCCATGGTAACTGAGCAGTTCATCTCTCTGTCCCTCAGGGTCCTGGATTTCTCTCTG
Small_Intestinal_Enterocyte,chr11,116819818,116820218,400,1,cCRE154897,0.9547511312217196,0.7169701723226212,1,0.3333333333333333,0.7103543261962217,14,APOA4,3286.0,nearest_TSS_gencode_v44,Apoa4,0.7169701723226212,0.7523757510570354,0.7169701723226212,conserved,gene_level_ortholog_expression_concordance,CTGGGGTCCACGGGTAACAGGCTGTGGAGTCGTTTGAGACAAACGCTTGAACTGGCTCTTTCCTTGTGAGGTTTTCGAGTCTCTAAGGGTGGGGTGAAAGACCACTCCAAGGCTGCAGCTGCCCACAGCTGGCTGTGCTGATGAGACTGCTCAGGCCCCCTGACTCTCTGCCCCTAACCCCAGTGGCTGCAAACTCAGCCCCAAACTGGCAGGCCACCTGGCAGGAGGCCCCTGGACAGAGCAGACCAGGGCCCCGCAGGCTCCAGCACCTGCTCTGCCCCTCCTCCCCAGACTCGTCTCGGTCCCCAAGCCTCAATCCCCAATTCTGGATGGAGACCACAGGTTTAGCAGTCAAGAAAGTTCTGAAATAAGCATGAATCGCTTTCATAATGGAACTGGG
Small_Intestinal_Enterocyte,chr13,53015055,53015455,400,1,cCRE217739,0.9728506787330315,0.8097631574460461,0,0.0,0.7042517264269682,15,OLFM4,13558.0,nearest_TSS_gencode_v44,Olfm4,0.8097631574460461,0.246792644338404,0.246792644338404,conserved,gene_level_ortholog_expression_concordance,AAAACAGGCTGGCTTCAGCCCCCTCCTGCATCCTTTGAGGAAGCCCCTCTAAGGGAGAGCAGTCCTCCTTATTGGCCCTGTGGAGAAGTGGTGCTGCAGGTGCTTGCGGGAACTTGTCCTGATTGGCAGAGTCCCAGCTAAGTTGCTGTCAACCTTGACCCACCTGTTCTCACTTTCAGGGACCTCTTTGTTCTCTGTGAGCTGCTGGTCTCTGATAGACTAGTTGCTGATAAGCATTGTGGTTGATATCAATTTCCCACATTGCACCCTCTTGATAAGGCACCGTGAACCAATGAGCATCTCTGCTCCAGTTGGGCTGCCTGTGGGGATGTGTCTTCATCTCCTTCAGTGCCTTCTTTCCTCTTCCAGGCCCTAGGCTATCACCCAAGGCTGTATCCTC
Small_Intestinal_Enterocyte,chr13,53004604,53005004,400,1,cCRE217735,0.9683257918552036,0.8097631574460461,0,0.0,0.7009761370017266,16,OLFM4,24009.0,nearest_TSS_gencode_v44,Olfm4,0.8097631574460461,0.246792644338404,0.246792644338404,conserved,gene_level_ortholog_expression_concordance,ATTCACATTACATAGCATTGCGCAGCTTACAAAGCACTTGCTTATAATAGATCATCTCAAGTGTATAGTTTCTGAGAAAAAATTTGCCAAAATCATTATCTCTCTTGGCACAGTGAGTATGTAGAGTTCAGTTTTGCAGCTTGAGGCAAATGTTCAATGTTGCCTGGGTAAAGAGGAGCCACCAGGAGGAGCCTCCAATTGTGCAGCAGGTAGCCAGACAGCCATGAGTGGCACTATAATTGAGAGCACAGACTCCACAGCCAGGCTGCTGGTTTCAAAGCCAGTCTTGCTTCCTACTTGCTGTGACTCTTGGTGCCTCGGTTTCATCATCTGTAAAATGGGGTTAGTAATAGTAACTCTTTGTAGGGCTACTAAGATAATTAAACATGTTTATAAACAA
Small_Intestinal_Enterocyte,chr13,53100686,53101086,400,1,cCRE217779,0.9683257918552036,0.8097631574460461,0,0.0,0.7009761370017266,17,OLFM4,72073.0,nearest_TSS_gencode_v44,Olfm4,0.8097631574460461,0.246792644338404,0.246792644338404,conserved,gene_level_ortholog_expression_concordance,TGCTGAAGTGGGGGAGCTCAGGGCTTCTTGGTTCAGATCTGACTTGATTGAGCTCCAGGTGTGGGCAGGGAAGCTGTGAATTCCCCACTACTTCTGATTCTCAGAGGAAGCATCACATTGTTGGCTGTGGATCTGGTTTCTCCAGCAGCTTCCAGGAAGGCCTGACTATCATAACTCAGAAGTGGTTCTGGAAGTTGACACTTGGTGACCTTTGATCAATGATAAACAGGAGTGGAGGAGGCTGGCAGGTAAATAAATCATGCCTTCCTGTCTACCACAGACTATTCTGAGGTGCAGTGGTACCACAGAGCTGTCTGGAAGTGGGGGTCAAGTGATTGAACAACTGTGTTTTCTAGGAAGATGTAGCCAGTTGAGTAAATTACCACTTTGTTTATGTCTG
Small_Intestinal_Enterocyte,chr13,52999123,52999523,400,1,cCRE217733,0.9457013574660632,0.8097631574460461,0,0.0,0.6845981898755179,18,OLFM4,29490.0,nearest_TSS_gencode_v44,Olfm4,0.8097631574460461,0.246792644338404,0.246792644338404,conserved,gene_level_ortholog_expression_concordance,TTAATGAAATCAAGATGCATTATGCAATGGCTTGATTTTTTTCTTTCTAGTCGATATTAGTAGGAACTGGGGCTTGGTGTGAAACTGAAAGTGTACCTTACCAGACAAAGATGTTGCTTCTGGATTATATAGGACTTGCCCTTCCAGTCACAGGCATGTCTGGGAGTTCATTGTGTAAAAAGCAACATCTGCCTTTGACAGCATCAAGTTCAGATTATTTAAGCAGTGTACAAGGCCTTAGCTGGCTTACATTTTCAGCTTTATTTTTCTTTGTGTTCTCCTCCTGCTCCAGTTTTCTTAATGGGTCACACTCTTTAAGCTGCCGACTATTGACACCCTGTTTCCACTTCCTGGACACTCTGCTTCCTTTACTCTGTTTCACTAGCTCTTACTCATTCTT
Small_Intestinal_Enterocyte,chr13,53522033,53522433,400,1,cCRE217899,0.9457013574660632,0.8097631574460461,0,0.0,0.6845981898755179,19,OLFM4,493420.0,nearest_TSS_gencode_v44,Olfm4,0.8097631574460461,0.246792644338404,0.246792644338404,conserved,gene_level_ortholog_expression_concordance,TATATTACAGGCTTGATAAAACCTTCTCTTGTTGGATGAAAGCTGTGTGACCTTAGGCAAGTTACTTAACCTTTCTGAGTTTCAGATTCCTCTTCTATAAAATTGTGAAAATAACACCTACTTGATAGGGTAGCTTTGAGGATTAAATGGCACAACATAGGTAAAGCACCTGACATTGTAGGCACTTCCTTGTGACAGCTTTTATTGTTACAAAGCCTGTGGTTGTGAAAGTGAAAGGGCACAGGTATTGCTAGGGTAACCATGCATTCTTGGTTGCTCTGGGCAGAATCTGTTTATTCCTGATTCTGGCAAAATCATTAGTAATATACTCTTTACTCTCAAAAGATTCCAAATAAATTCTGTGGTCACTCTAAATATAACTAATATGTAGGGAGGAGGC
Small_Intestinal_Enterocyte,chr15,40353693,40354093,400,1,cCRE266957,0.918552036199095,0.8605202068645268,0,0.0,0.683593849761989,20,PHGR1,2860.0,nearest_TSS_gencode_v44,,0.8605202068645268,,0.0,no_ortholog,gene_level_ortholog_expression_concordance,CACTTCAGAACATGCAGGACCACTCAGGTGGGTGCTGCAGGAGCCCAGTGGACCCACAGCTGGGCAGCCTGGATGGCTCCCATGTGGATTTCCTGCATGAGGGCAACACGCAGCTGCTCCAGGGAGATTTCCAAGTGGGAGGAGGCATGAGCAAAGGCCAAGAGCTGAGAACAGAAGGTCATAAACAGGAGACAACAAACAGCTCTGAGAGGCTGAGCAGAGATTGGGCCGAGATACGTGGGGCGTGACAGGGGCAGAGGACAGATGGGGAGGTTGGCAGGGCTGCTGGCCTGGAGGTAGAAGCAAGAATCAGGTGGATGACAGGGTTGGCCACCATGGAGCACCTCCAGGCTGACAGAGTTGAGACAAGAACCCATACCTCCTAACTGGCGCCACTCCA
Small_Intestinal_Enterocyte,chr13,53150557,53150957,400,1,cCRE217806,0.9411764705882352,0.8097631574460461,0,0.0,0.6813226004502763,21,OLFM4,121944.0,nearest_TSS_gencode_v44,Olfm4,0.8097631574460461,0.246792644338404,0.246792644338404,conserved,gene_level_ortholog_expression_concordance,GTGTTGAGGGTCTTTGGATTGAGCTGGAATGATGGAGAACACTTGAGTACTATTGTGTCTGAGTTAGTTTTGCCCCTGGGTACCATGACACTTTGTGAGCAGAGAAATGGGTGCTTCTGTGTTACAGTTCAACAGCTCTAGCTGGAGGTGAGCTGTGTAACACAGAGAGGGTAAGGCATGTCTGAGTCACTCTTGGTACCACGTGGCTAGGTACCATGCTGCCAAGCATAAAGATAAGCAGCAGTTTAATCCTTATTTGAGTAATCTGACCTGAGGAGATAGCCAAACTGTGTGATTACCATTCCCAACTAGACTTTTGAGATGGGCAGATCACCTGAGGTCACGAGTTCGAGGCCAGCCTGCCTAACATGGTGAAACCCCGTCTCTACTAAAAATACGA
Small_Intestinal_Enterocyte,chr11,116816227,116816627,400,1,cCRE154895,0.990950226244344,0.7169701723226212,0,0.0,0.6805727922871567,22,APOA4,6877.0,nearest_TSS_gencode_v44,Apoa4,0.7169701723226212,0.7523757510570354,0.7169701723226212,conserved,gene_level_ortholog_expression_concordance,ATAAATAAACAGATTCCCCAAACCAAACCAGAGTGTTTTGCTTGAACTCAGGACCTCATGAGAGATCTGAGACCAGCTGTTAGAGAATCTCTGAGAAGGGCAGGTAGAGGCTGTTGCCCAGGTCCCCAGTCAGCTCAGCCGCTGGAGAGGAGCAGAGGACTGACTGGCCACAGGGGGACTAAGTCCACCTGCTAGCTCAGAACAGGAGGAAGGCTGCTTTCCTTGGAAGATGGGACCAACCCTAATGAGGACTAATAAGTGTATCTCAGACAAACCAATTGACCAACTGGAACAGGCCAGAGATGAGGGTGTGTCTTCCAAGGCCCAAAGCAAGAGAAACATCCCTAAGAGGGAAGGGGTGTGTGGGGTGTGTCAATCAAAGTGATGTGTGTGTGTTTGT
Small_Intestinal_Enterocyte,chr11,116818853,116819253,400,1,cCRE154896,0.986425339366516,0.7169701723226212,0,0.0,0.6774651539662108,23,APOA4,4251.0,nearest_TSS_gencode_v44,Apoa4,0.7169701723226212,0.7523757510570354,0.7169701723226212,conserved,gene_level_ortholog_expression_concordance,GGATGGTCTTGATCTCTTCACCTCATGATCCACCCACCTCGGCCTCCCAAAGTGCTGGGATTACAGGCATGAGCCACCGCGCCCGGCCCAGGGTTCATATTAAGAACCAAGTTCTGGGAGACACTGAGGCCCCCAGGGGTTCTGGAGTCAGCACTAAACCAGGCAGCCCTCAGGTGAGGTCTGAGAGCATCTCAGAAGCTTCCAGACCCTCTTGGAACCCGGCCCACCCTGCATCTCACTTCCTTTTGGTGACTCGTTGCTCTGTTTGGCCTCATTGGCCCTTTCCTAAAGCCATCCAGTAAACCTCCAGGTGCCTGGTGGGTTTGTCAAGGTGTTTCCCCATAGGTTCCTGTGCTTCTAGTGGGGGTAGGTATCAAAGTGGCCGCAGCAGCCTTACTGG
Small_Intestinal_Enterocyte,chr15,40346190,40346590,400,1,cCRE266953,0.9004524886877828,0.8605202068645268,0,0.0,0.6701240202100287,24,PHGR1,4643.0,nearest_TSS_gencode_v44,,0.8605202068645268,,0.0,no_ortholog,gene_level_ortholog_expression_concordance,CCAGAGAGTGGCCTAAAGCACAGCATTCCCTTCCTGCAAACCCATCCTCCCTCCCTGCCCCACCATGGCGATTCTTGTCTCAAGAAAACTCCTGTCCTGGCTCCCAGGACTTGAGGTGTGGTCAGGCCAGGCCTGGTCTTGGGTGGGAAGGACTCAAGACTGCATGAGGTGGGGCTGGAGGGACCAGCCCTAGGCAGGCTCCAGCTGCCAGGGACAAAGTCTGGGCCACGCCTTTCAAAAGAACACATAAGCCAGAGCAAGGTGGAGCCCAGGCTGAAGTCCTTTGAGGCATTGGAAGCAGAAGGAAAGCTGTACTAAGGACATACCCCTCCATTCTGCTCTCCAGGACATACCCAGGGCTGGGGCATCCTGAACCTTCCAGCGTCAGACCCAGTAATAG
Small_Intestinal_Enterocyte,chr5,160240271,160240671,400,1,cCRE669712,0.9773755656108596,0.5706050835009772,1,0.3333333333333333,0.6651974471298256,25,FABP6,53104.0,nearest_TSS_gencode_v44,Fabp6,0.5706050835009772,0.8748272190379549,0.5706050835009772,conserved,gene_level_ortholog_expression_concordance,ATGTACAAGTCCCATACGTGAGACATAAGGAATAAGGTTTGTCCAGAGCTTTGCACAGGGTATGGCACACAGAAGGAGCCTAATACGTGCTACCTGACCTAAGGTCCTTCCAGCTCTGCGCAATTTGCAGCCTTTCACTCTTGTGGGCCAGCCTCAACCTGGACAGATGTCACAGCTCAGGTCACAGGCAGCCTTCTCTTGCCTCCTCCCACATTCTGCTCTGAAACCTTGTTTATCTTTCTAAGAACAATACACAGCCTCTCCCCACCCACCCATCCAGCAAGGACCCATGAATTCCACCGTTTTGCCAAGACTTATTACTAATTAAGTGAACCAGGTAAGCATTAAACTAGCAGTGTTGCTGTTTCCCCTCCAGAATGAATAATTACTCATAATGAGC
