cell_type,chrom,start,end,length_bp,n_ccre,tau_specificity,ccre_ids,target_gene,gene_dist_bp,gene_link_method,gene_expr_specificity,specificity_per_bp,composite_score,sequence,CDX2,HNF4A,KLF5,motif_total,motif_tf_breadth,motif_score,composite_rank,mouse_ortholog,human_gene_spec,mouse_gene_spec,conservation_score,translatability_flag,conservation_method
Small_Intestinal_Enterocyte,chr2,79120165,79120565,400,1,0.9592760180995475,cCRE408553,REG1A,3.0,nearest_TSS_gencode_v44,1.0,0.002398190045248869,0.8313725490196079,CTCTAAATTTACAGGGAATACAAGGAAGTCTACTGTTCTCTGCTCCTCTCTGGGTTATTAGGGCACATGGGAGCCCTCAGTTGTTTTCTGCTGAGCAAGAGCAAAGTCCACCTTGGACTTAGACAGCTTGCCAAATTTTTTGCCAGAAGGGGACCTGAGTTGTGACCACTCCCAGTGTGTGCCGGGAAAAGGCTCGTACTGGTGCCAGAATCTCTTACTGTCAATGCTCCCAAAACTCACCGCTTGCCCCCACCCCTTTTGCTTAAATGACGTGGTTCTTATCTCAGATCCTGATATAAAGCTCCTACAGCTACCTGGCCTGAGAAGCCAACTCAGACTCAGCCAACAGGTAAGTGGGCATTACAGGAGAAGGGCGTCTCTAACATGCACTGTAGATCTA,0,0,1,1,1,0.3333333333333333,1,Reg1,1.0,0.4823150882399544,0.4823150882399544,conserved,gene_level_ortholog_expression_concordance
Small_Intestinal_Enterocyte,chr2,79117514,79117914,400,1,0.9683257918552036,cCRE408552,REG1A,2648.0,nearest_TSS_gencode_v44,1.0,0.002420814479638009,0.7746606334841629,AAAGGTCCTTGAAGTTCCTCAGAAAAATAAGGAAAATATTAAAGGGATTGAATGTATGGCTTTCCTGAAAAAGGAATTTCTCTGGGACCAAGGCTGCTACCAATTTATGTCCTAAATTTTGTTATCTTGCATGTGGAATTTGGCCAGTCACCTATGTAAGCAATAAGTGCAACTTCTCAATGGATTTACTGCTACTGGGGACAATAAAGATTTTTATGGGAGTACTTTGTCAATTGTTATTTGTTTTGAATCTCTGTTTTATGTCTTCCTGGTTGTAACATATTTTATTGTGTATTTTAGAGTATTAGGTCTTTTATACCTGGACAGTCATTTCTTGTTTGAAGTTATGTTAAATTTAGAAAAAATCTCATATTTTAAAAATATTTATTATAAAGTCATA,0,0,0,0,0,0.0,2,Reg1,1.0,0.4823150882399544,0.4823150882399544,conserved,gene_level_ortholog_expression_concordance
Small_Intestinal_Enterocyte,chr13,53032841,53033241,400,1,0.9864253393665159,cCRE217748,OLFM4,4228.0,nearest_TSS_gencode_v44,0.8097631574460461,0.00246606334841629,0.7735850359279179,CCCAGCTTGATCAGGCATTATGGAGGTTGGTGGCCATTAAATGCACAGGACCCATTACACCACCTGCAGCTGGCTGACCTGAACTTTGAGAGACATGGCCAGAGTCACTTCTGGCTCTGAAGACCATTGCTGTCTCCTTAGAGGTTTCATAAAAAGTCCCTTCAGGCTGATGTTCCACAGGTGAGCTTTGGGTTGGCTTTCAGATGAGATCATTAAAAGGCACAGCAAATTGGCTGCCAAGGGTTACTCTGTAAGGCAATAGTAGTAATAAAAAAATGTTAATTGTGCTGGGATCCTCTTGGGGAAGTTCAAAGGGGACAAAAGAAAAACAGGATCTTTCAAAAGTGTCATTTAAAAATATGCGGTGGCACTGAAGTGTGAGTCTGAATATCTTAAATGA,1,0,0,1,1,0.3333333333333333,3,Olfm4,0.8097631574460461,0.24679264433840406,0.24679264433840406,conserved,gene_level_ortholog_expression_concordance
Small_Intestinal_Enterocyte,chr2,79115089,79115489,400,1,0.9638009049773756,cCRE408551,REG1A,5073.0,nearest_TSS_gencode_v44,1.0,0.002409502262443439,0.7710407239819005,CCACGAACTTCTGTCTCTCCCATTCCCCACTGCCCCAAGCAGGATGGTTCACATCTTGTCCTGCTGCTGCCCTTGTCCCTTGTCCCACAGATGGTCCTGCTCAAGGCTTACACCACTCACTGCCCCTCCTCCCAGAGTCCTCCCTTCACACCCATCATCACTATTCCTGGAAGGTCTCTGCTTCTTCCTGGGCTGCTCAGGGCCATGAGAACTGGACATCTGGTTGCTGCTGGGAAAGGACAAAGCCCATCTTTGACTTGCACAGTTTGCCAAGCTGTTTGTGAAAGAGGACTTTATATGTGACCACTCCCAGGGTGTGTCAGGAAGAGTTCCCCCTGATGCCAGAATTCCCTTGTGTCAGAGCCATTTGTAAGGTCTCTGAGTTTCTACCGTTGCCCTC,0,0,0,0,0,0.0,4,Reg1,1.0,0.4823150882399544,0.4823150882399544,conserved,gene_level_ortholog_expression_concordance
Small_Intestinal_Enterocyte,chr11,116823184,116823584,400,1,0.9592760180995475,cCRE154899,APOA4,80.0,nearest_TSS_gencode_v44,0.7169701723226212,0.002398190045248869,0.7686225447139577,GGAACATCCTGAGCTGCTTGCTGGGCTGGAGGAGTTTCTTGCCACACTGGATCCTCCCTACAATCAGGGGAGCTGACAGAGAGGTCCTCAGGAGAGCTCACCTGCGCTGCAGTGGGAACTGACTGAAGCTCAGAGCCAGCCAGACATTTAAACTCTCTCCCTATCGCCACCCCCCTGGCTGCCCTCCCCTCCTCCTTCCTCAGTGTGACTCCACGCTGGAAGGTGACACATTCCCAAGAGGCCTCTTGGACTTTTGTGACCCTGAGACTACGTGGAAGCTGACAGCAGATCAGGGCTCAGGCGATAGTTAGAAGTGGTGGCTGTTCCGTGCGTGGGCACCCCCACCCCCACCCCACCAACCTCAGCATGGAAGGGAGGAGGGGAACGGAAAACAGTAGGA,0,0,2,2,1,0.6666666666666666,5,Apoa4,0.7169701723226212,0.7523757510570354,0.7169701723226212,conserved,gene_level_ortholog_expression_concordance
Small_Intestinal_Enterocyte,chr2,79139418,79139818,400,1,0.9457013574660633,cCRE408563,REG1A,19256.0,nearest_TSS_gencode_v44,1.0,0.0023642533936651584,0.7565610859728507,GCCTTATAATGCACCAGAAGATAGGTTAAGATCTGTTCATTAAAATTTTAGAGGAACCAGGTCTTTGATCTTTGGAGAAGGTAATTATAACTCACAAGAGGATTCCAGACTAATCCCCATATATGTTTTTCCCCTGTAAAGTCAGTTTATTAGTTTAACTTGGCTGTGTGACAAACTTTCACTCTCATTCAGATTATTGACTGAATTCAGTTCCTTGTAGTTGTAGAGTTGTAGCACTGAGGTTCCCACTTCCTTGCTGGCTATCAGCTTAGGTGCCAGTCTCAGCTAGATTCCTTGGTACAAGAACCTCTCCATCTTCTAAGCTAGCAACAGGACAGTGAATTCTTTTTGGCCTTTGAATTTCTTGACTTCCCCTTATGCTGCCAGTCAGAGAAAATTA,0,0,0,0,0,0.0,6,Reg1,1.0,0.4823150882399544,0.4823150882399544,conserved,gene_level_ortholog_expression_concordance
Small_Intestinal_Enterocyte,chr2,79070661,79071061,400,1,1.0,cCRE408537,REG1B,17158.0,nearest_TSS_gencode_v44,0.49301216604901116,0.0025,0.7465060830245056,CTGCTTCACTAGCACAATATGGAAAAGAGAGAGATTTAAAACAAATAACAACTGACAAAGTTCTCTCATAAAAAATATTTATTGCCCCAATAGCTGTATACCCATTAAGATAGATACCTTTATTGCTTACATATGTAGCAGGCCAAATTTCACATGTATGGTAATAAAATTAAGGGCATTTATTGGCAGTCACTTTGGTTGCAAAGTCATGCCTTTTTCAGGGAAGTCATATTTCCTGTCCCTTAAAAATGTATCTCCTTGTCTTCAGCAGCCACAAGGTCCTATTCTCTGACCTAGTTTTGCAAAGTTCTAGGAAGCTCATTTCAGGTCTTTCCCATCATATTTTCTCTGAGAGTATTCTGATAGATGAAAGGGTGAATATGTCCTACACACCTAGTGT,3,0,0,3,1,1.0,7,Reg3b,0.49301216604901116,1.0,0.49301216604901116,conserved,gene_level_ortholog_expression_concordance
Small_Intestinal_Enterocyte,chr1,206940181,206940581,400,1,0.9638009049773756,cCRE60825,PIGR,6085.0,nearest_TSS_gencode_v44,0.785266736834062,0.002409502262443439,0.7456114018542259,CCCTCAGATTTCACAGCGGGTCATAGAGATGCTTGGTTGAAGTTAAGGTCTTTGTTATTCTCAAAGAAGATCTTTCACAGACCCCTGGCCTTGAGATTAGGAAGTGCCATTCCTGTCCCTGACTTCCAATGCTCACAGATGTGGCCTTTCAGTGTCTTCTCTGTATGACTCTTCCTCAAGGAAGTGCCAACTTTGAGAGGGACATCCCTGGGGATGAGTCTGATTTTAGTGTCCCCAGGGAGGTGAACCCTGGAGTCGGGCAGGCTGAAGGGGTGGAGCTTGGAGAGTTGGGGCCTGGCAGACACACCTGGGAAGACCGCCAGCAGGCAGGTGAGCACGAAGAGCAGCATTGCTGGTGGGTCCCGAGCGCCGCACCACTCAGGCCGACTTCTCCTGTGCA,0,0,1,1,1,0.3333333333333333,8,Pigr,0.785266736834062,0.6421774642327558,0.6421774642327558,conserved,gene_level_ortholog_expression_concordance
Small_Intestinal_Enterocyte,chr15,40350716,40351116,400,1,0.9095022624434389,cCRE266956,PHGR1,117.0,nearest_TSS_gencode_v44,0.8605202068645268,0.0022737556561085973,0.7332638462348429,TCTACAAATGTTCAGAGCCAGTCCCTGGTGTAAACAGCCTTGCCAGTGTTGGGGACTTCTGCCTGGATTCTGTGGCATCTCGTTACCACACCAATCTGGTAACGGCTTGTTCCCCAGCCTCCCCATCACACACACACACACACACACACACACACACACACACACATCCTGCTTTCAACTGTCCTTTGCCCAGATAAGGATTAGCCCATCCCTCTTCATTCCCTCGAGCCTTCTGCATCTGGCCCTCCCAGTGCACCTGTTCAATCCCAGCCCCTCCCTGACCTGTACAAATACACCTGAGGACAGACAGTGCCCCAGACTTCCTGCCCCTGCTCTGCACTCTCAGGTAGGGACCTGGCTCTACTTGCTGTTGGCTGGGGACAGTAGGGTCTCTGTGGGG,0,0,1,1,1,0.3333333333333333,9,,0.8605202068645268,,0.0,no_ortholog,gene_level_ortholog_expression_concordance
Small_Intestinal_Enterocyte,chr13,53053356,53053756,400,1,0.9909502262443439,cCRE217761,OLFM4,24743.0,nearest_TSS_gencode_v44,0.8097631574460461,0.0024773755656108598,0.7173540841279351,GCTTTTTCCCCAAAGTCATGGACATGGAATTATATAGTGAATAGGCTTTTGAATCTGCCTTCTTCAACAAGGGAATTAGTCGGTTCAAATTACCCCAGAGGAGAACTGGGCATTACTAATGCTCTTGGGGTTCCCTGCATTGTTTACTATCTTTCCTGGGGTTGGATAGGGGATTACGGAGAGCTGTGGTGACCTACTGCCCTTATAAGTGTTCCTGAGTGGCCTCTAGGGCCATGGGAGGGGTCTAAATCTGTGTACCAATCAAACCTACCAGGCAGCGCTCCCAAAGCATGAGGGTTTCTTGTTACCAGGCTTGTTGAAGGTTTGTTCTCCAATCTTTACTCCTGTACCACAAGCATCCCTACCCAGGTGAGACTGTATATTAATTAACATTGCATAG,0,0,0,0,0,0.0,10,Olfm4,0.8097631574460461,0.24679264433840406,0.24679264433840406,conserved,gene_level_ortholog_expression_concordance
Small_Intestinal_Enterocyte,chr1,206958138,206958538,400,1,0.995475113122172,cCRE60840,PIGR,11872.0,nearest_TSS_gencode_v44,0.785266736834062,0.0024886877828054297,0.7108754427212555,TAGTCAGAAAAGGAGCCCCCAGCAAGGGCTGGGAGTGTTGATAGGGGATTTGTCACTTTCCACACTGATTGGAAGCCTCTTCTATTTTCAAACATTCAGGAATGGAAATTTCATGCTTTTCCTAGGTGACCTCTTCCAGTGTTTCATACACTGTTCTTGAAGTCTCCTTTGAGTCATCTTGTCACCTTTGGACGTGGATAATGCTTGACTTTCTTGGGCCCAAGGACAGCCAGCCTTTCTTCCATGGGTGGAGCACCGGCTGCATCAGCTTCTCTTCCCACAGGTGGAGGAAGGATGATGGAAAGAGGCTGGGGTCCTGAAGGCCTTTGATCTTGGTCCTTCTCCCATGGTAACTGAGCAGTTCATCTCTCTGTCCCTCAGGGTCCTGGATTTCTCTCTG,0,0,0,0,0,0.0,11,Pigr,0.785266736834062,0.6421774642327558,0.6421774642327558,conserved,gene_level_ortholog_expression_concordance
Small_Intestinal_Enterocyte,chr11,116819818,116820218,400,1,0.9547511312217195,cCRE154897,APOA4,3286.0,nearest_TSS_gencode_v44,0.7169701723226212,0.0023868778280542987,0.7103543261962217,CTGGGGTCCACGGGTAACAGGCTGTGGAGTCGTTTGAGACAAACGCTTGAACTGGCTCTTTCCTTGTGAGGTTTTCGAGTCTCTAAGGGTGGGGTGAAAGACCACTCCAAGGCTGCAGCTGCCCACAGCTGGCTGTGCTGATGAGACTGCTCAGGCCCCCTGACTCTCTGCCCCTAACCCCAGTGGCTGCAAACTCAGCCCCAAACTGGCAGGCCACCTGGCAGGAGGCCCCTGGACAGAGCAGACCAGGGCCCCGCAGGCTCCAGCACCTGCTCTGCCCCTCCTCCCCAGACTCGTCTCGGTCCCCAAGCCTCAATCCCCAATTCTGGATGGAGACCACAGGTTTAGCAGTCAAGAAAGTTCTGAAATAAGCATGAATCGCTTTCATAATGGAACTGGG,0,0,1,1,1,0.3333333333333333,12,Apoa4,0.7169701723226212,0.7523757510570354,0.7169701723226212,conserved,gene_level_ortholog_expression_concordance
Small_Intestinal_Enterocyte,chr13,53015055,53015455,400,1,0.9728506787330317,cCRE217739,OLFM4,13558.0,nearest_TSS_gencode_v44,0.8097631574460461,0.0024321266968325792,0.7042517264269682,AAAACAGGCTGGCTTCAGCCCCCTCCTGCATCCTTTGAGGAAGCCCCTCTAAGGGAGAGCAGTCCTCCTTATTGGCCCTGTGGAGAAGTGGTGCTGCAGGTGCTTGCGGGAACTTGTCCTGATTGGCAGAGTCCCAGCTAAGTTGCTGTCAACCTTGACCCACCTGTTCTCACTTTCAGGGACCTCTTTGTTCTCTGTGAGCTGCTGGTCTCTGATAGACTAGTTGCTGATAAGCATTGTGGTTGATATCAATTTCCCACATTGCACCCTCTTGATAAGGCACCGTGAACCAATGAGCATCTCTGCTCCAGTTGGGCTGCCTGTGGGGATGTGTCTTCATCTCCTTCAGTGCCTTCTTTCCTCTTCCAGGCCCTAGGCTATCACCCAAGGCTGTATCCTC,0,0,0,0,0,0.0,13,Olfm4,0.8097631574460461,0.24679264433840406,0.24679264433840406,conserved,gene_level_ortholog_expression_concordance
Small_Intestinal_Enterocyte,chr13,53004604,53005004,400,1,0.9683257918552036,cCRE217735,OLFM4,24009.0,nearest_TSS_gencode_v44,0.8097631574460461,0.002420814479638009,0.7009761370017266,ATTCACATTACATAGCATTGCGCAGCTTACAAAGCACTTGCTTATAATAGATCATCTCAAGTGTATAGTTTCTGAGAAAAAATTTGCCAAAATCATTATCTCTCTTGGCACAGTGAGTATGTAGAGTTCAGTTTTGCAGCTTGAGGCAAATGTTCAATGTTGCCTGGGTAAAGAGGAGCCACCAGGAGGAGCCTCCAATTGTGCAGCAGGTAGCCAGACAGCCATGAGTGGCACTATAATTGAGAGCACAGACTCCACAGCCAGGCTGCTGGTTTCAAAGCCAGTCTTGCTTCCTACTTGCTGTGACTCTTGGTGCCTCGGTTTCATCATCTGTAAAATGGGGTTAGTAATAGTAACTCTTTGTAGGGCTACTAAGATAATTAAACATGTTTATAAACAA,0,0,0,0,0,0.0,14,Olfm4,0.8097631574460461,0.24679264433840406,0.24679264433840406,conserved,gene_level_ortholog_expression_concordance
Small_Intestinal_Enterocyte,chr10,19058040,19058440,400,1,0.9683257918552036,cCRE82317,MALRD1,9439.0,nearest_TSS_gencode_v44,0.5262824553390124,0.002420814479638009,0.6897047113417317,TGCCAAGCACTGTTAAATAATCTCCATCCAGTGTCTCGTTTAATTTTTACCAAACACAAACATTGTAGGAATAGTAGTTTTATTGTTGTTCCTATTTTACGGTTTGAGGAAATGAGGCTTAGACTAGGTAAAAGAAAACGCCAGAGGACACAGAGCTGTTCCATGGAGCAGCTGGAATTCACAAACAATTCTGTCTGATCCTGAAACATCAATACCAACCACCATACCATGCTGTTTTTATTACATACAACAAATGAATATGAGGCAATTTCATGAAATACATTTCTTATTTGCTCCAGACACCAAAAATTTCTAAAGATAAAATGTTAAATATTAACAACGAAGCCATAATCTTTATTGCCTCTAATAATCAGAAAAGTCAAGGAAAGTTTCTCTTTTT,2,0,0,2,1,0.6666666666666666,15,Malrd1,0.5262824553390124,0.066819950965582,0.066819950965582,divergent_expression,gene_level_ortholog_expression_concordance
Small_Intestinal_Enterocyte,chr13,52999123,52999523,400,1,0.9457013574660633,cCRE217733,OLFM4,29490.0,nearest_TSS_gencode_v44,0.8097631574460461,0.0023642533936651584,0.6845981898755179,TTAATGAAATCAAGATGCATTATGCAATGGCTTGATTTTTTTCTTTCTAGTCGATATTAGTAGGAACTGGGGCTTGGTGTGAAACTGAAAGTGTACCTTACCAGACAAAGATGTTGCTTCTGGATTATATAGGACTTGCCCTTCCAGTCACAGGCATGTCTGGGAGTTCATTGTGTAAAAAGCAACATCTGCCTTTGACAGCATCAAGTTCAGATTATTTAAGCAGTGTACAAGGCCTTAGCTGGCTTACATTTTCAGCTTTATTTTTCTTTGTGTTCTCCTCCTGCTCCAGTTTTCTTAATGGGTCACACTCTTTAAGCTGCCGACTATTGACACCCTGTTTCCACTTCCTGGACACTCTGCTTCCTTTACTCTGTTTCACTAGCTCTTACTCATTCTT,0,0,0,0,0,0.0,16,Olfm4,0.8097631574460461,0.24679264433840406,0.24679264433840406,conserved,gene_level_ortholog_expression_concordance
Small_Intestinal_Enterocyte,chr15,40353693,40354093,400,1,0.918552036199095,cCRE266957,PHGR1,2860.0,nearest_TSS_gencode_v44,0.8605202068645268,0.0022963800904977376,0.683593849761989,CACTTCAGAACATGCAGGACCACTCAGGTGGGTGCTGCAGGAGCCCAGTGGACCCACAGCTGGGCAGCCTGGATGGCTCCCATGTGGATTTCCTGCATGAGGGCAACACGCAGCTGCTCCAGGGAGATTTCCAAGTGGGAGGAGGCATGAGCAAAGGCCAAGAGCTGAGAACAGAAGGTCATAAACAGGAGACAACAAACAGCTCTGAGAGGCTGAGCAGAGATTGGGCCGAGATACGTGGGGCGTGACAGGGGCAGAGGACAGATGGGGAGGTTGGCAGGGCTGCTGGCCTGGAGGTAGAAGCAAGAATCAGGTGGATGACAGGGTTGGCCACCATGGAGCACCTCCAGGCTGACAGAGTTGAGACAAGAACCCATACCTCCTAACTGGCGCCACTCCA,0,0,0,0,0,0.0,17,,0.8605202068645268,,0.0,no_ortholog,gene_level_ortholog_expression_concordance
Small_Intestinal_Enterocyte,chr11,116816227,116816627,400,1,0.9909502262443439,cCRE154895,APOA4,6877.0,nearest_TSS_gencode_v44,0.7169701723226212,0.0024773755656108598,0.6805727922871567,ATAAATAAACAGATTCCCCAAACCAAACCAGAGTGTTTTGCTTGAACTCAGGACCTCATGAGAGATCTGAGACCAGCTGTTAGAGAATCTCTGAGAAGGGCAGGTAGAGGCTGTTGCCCAGGTCCCCAGTCAGCTCAGCCGCTGGAGAGGAGCAGAGGACTGACTGGCCACAGGGGGACTAAGTCCACCTGCTAGCTCAGAACAGGAGGAAGGCTGCTTTCCTTGGAAGATGGGACCAACCCTAATGAGGACTAATAAGTGTATCTCAGACAAACCAATTGACCAACTGGAACAGGCCAGAGATGAGGGTGTGTCTTCCAAGGCCCAAAGCAAGAGAAACATCCCTAAGAGGGAAGGGGTGTGTGGGGTGTGTCAATCAAAGTGATGTGTGTGTGTTTGT,0,0,0,0,0,0.0,18,Apoa4,0.7169701723226212,0.7523757510570354,0.7169701723226212,conserved,gene_level_ortholog_expression_concordance
Small_Intestinal_Enterocyte,chr11,116818853,116819253,400,1,0.9864253393665159,cCRE154896,APOA4,4251.0,nearest_TSS_gencode_v44,0.7169701723226212,0.00246606334841629,0.6774651539662108,GGATGGTCTTGATCTCTTCACCTCATGATCCACCCACCTCGGCCTCCCAAAGTGCTGGGATTACAGGCATGAGCCACCGCGCCCGGCCCAGGGTTCATATTAAGAACCAAGTTCTGGGAGACACTGAGGCCCCCAGGGGTTCTGGAGTCAGCACTAAACCAGGCAGCCCTCAGGTGAGGTCTGAGAGCATCTCAGAAGCTTCCAGACCCTCTTGGAACCCGGCCCACCCTGCATCTCACTTCCTTTTGGTGACTCGTTGCTCTGTTTGGCCTCATTGGCCCTTTCCTAAAGCCATCCAGTAAACCTCCAGGTGCCTGGTGGGTTTGTCAAGGTGTTTCCCCATAGGTTCCTGTGCTTCTAGTGGGGGTAGGTATCAAAGTGGCCGCAGCAGCCTTACTGG,0,0,0,0,0,0.0,19,Apoa4,0.7169701723226212,0.7523757510570354,0.7169701723226212,conserved,gene_level_ortholog_expression_concordance
Small_Intestinal_Enterocyte,chr15,40346190,40346590,400,1,0.9004524886877828,cCRE266953,PHGR1,4643.0,nearest_TSS_gencode_v44,0.8605202068645268,0.002251131221719457,0.6701240202100287,CCAGAGAGTGGCCTAAAGCACAGCATTCCCTTCCTGCAAACCCATCCTCCCTCCCTGCCCCACCATGGCGATTCTTGTCTCAAGAAAACTCCTGTCCTGGCTCCCAGGACTTGAGGTGTGGTCAGGCCAGGCCTGGTCTTGGGTGGGAAGGACTCAAGACTGCATGAGGTGGGGCTGGAGGGACCAGCCCTAGGCAGGCTCCAGCTGCCAGGGACAAAGTCTGGGCCACGCCTTTCAAAAGAACACATAAGCCAGAGCAAGGTGGAGCCCAGGCTGAAGTCCTTTGAGGCATTGGAAGCAGAAGGAAAGCTGTACTAAGGACATACCCCTCCATTCTGCTCTCCAGGACATACCCAGGGCTGGGGCATCCTGAACCTTCCAGCGTCAGACCCAGTAATAG,0,0,0,0,0,0.0,20,,0.8605202068645268,,0.0,no_ortholog,gene_level_ortholog_expression_concordance
Small_Intestinal_Enterocyte,chr1,206942355,206942755,400,1,0.9230769230769231,cCRE908958,PIGR,3911.0,nearest_TSS_gencode_v44,0.785266736834062,0.002307692307692308,0.659175410523346,GCTCCCAGGTGGGAGCAGCTTTCAGGAGGCCAGGAAGTCTCAGAAACAGTTGGGATGGGCTGGCTGCAAAGTCCTGGGAGATCTACCATTTTCTACTTGTGCTGGCACAGGGTGGGTGCAGTCACAGGTGGGAGGACAAAATGCTGCCTGCTTTTAAGAACCCACACCAGCAGCAGCTGTCCTTGCTTCTTGTTCCTGTCCTCACCTCTAGATAAGCAAGCTGCCTCATATTTGCGTGAGACAGGAGTGGTCTTCCCACAAGCTGAGCTGGGGGATGCAGCCCTCCTCTGGACTTGGCCTGGGTTGCAGAGAGTCAGATGCCAGCTTCTCCAAGGTGAAGACCACCCTGACCTCTGTCCCAGACTTCTCATTTTGTGACATGTTTGGGTGGCTGTGCATG,0,0,0,0,0,0.0,21,Pigr,0.785266736834062,0.6421774642327558,0.6421774642327558,conserved,gene_level_ortholog_expression_concordance
Small_Intestinal_Enterocyte,chr3,139476374,139476774,400,1,0.9683257918552036,cCRE548246,RBP2,4173.0,nearest_TSS_gencode_v44,0.6849505578765742,0.002420814479638009,0.6526324332770804,TCTCCTCCTTACCCAGGGCCTTCATGTAGCCCTCAAAGTTTTCATTACTCTCCATCTCCCAGGTTCCATTCTGGTCCCTTGTCATGGTGGTGGCCACTGGTTCGGTGAGGGTTTGTGGTGGATGGCAAGGAGCAGGCTGCAGGGAGAATACACTGGAATGAGCTTCTTTTATAGCCTAGTGGGCCAGGTTTGTGACTCTGAAGATAAGAGGTTCAAAGGGCAGAAGCACAACTCAAAAGAACTTTTCTTTGTAAAGTTCAGCGAGACTATAGGTAACCCACGAACAAAGTCCTGGTATGGCCAGGCGTGGGTGTCCTAGTGTCCTGCACCATAAGCAGGGCCCTAGAGCAGCTCATTTTTGGCTGGCTGGGTCCCCATGGGCCCCTTGTCCCACACAGAA,0,0,0,0,0,0.0,22,Rbp2,0.6849505578765742,0.7643940805431951,0.6849505578765742,conserved,gene_level_ortholog_expression_concordance
Small_Intestinal_Enterocyte,chr15,89792155,89792555,400,1,0.9773755656108597,cCRE284146,ANPEP,23046.0,nearest_TSS_gencode_v44,0.5358676180995454,0.002443438914027149,0.6504851088421604,TCACCTGTTCAGGATCCACAACTCTTTGCTGCAGGCCAGGGCTGCCCGGAGCTTGTCAGCCTCATTGACCAGTGTGGCATTTCGGAACTGCTCCCAGGCGAAGTCCCACTCCTCCTCCCCGCCCTGGGCGATAGCGTTGCAGTAGACGGTGGACCGCAGGTTGGGGTGGATCCTGGTGTGGGGTAGGGAGGTCAGGTGTGGAACAGCAGCGGGGAGGGTGGGACAGGGTTCTGCTGAGGACGGGGCTGTTGGGGGCAGATGAAGACTGGCAGAGGAGGCGCAGGGGAGACACTCACGGGTTATTATTGGGGTTCTCCATCCACTGCTTGAAAAGGCCAGAGACCATCTCCTCACACTCTGGAACTCCGTTGGAGCAGGCGGTGCTGATGGCATTAACCTC,0,0,1,1,1,0.3333333333333333,23,Anpep,0.5358676180995454,0.43513875652965495,0.43513875652965495,conserved,gene_level_ortholog_expression_concordance
Small_Intestinal_Enterocyte,chr1,206953077,206953477,400,1,0.9095022624434389,cCRE60835,PIGR,6811.0,nearest_TSS_gencode_v44,0.785266736834062,0.0022737556561085973,0.649481654486238,CTTCTTTGGGTCTAGTCTCTACACTCCAAAGAGCTTTGATTCTCTGTTTCTGAGAGGCAGGGACATATGAGCAAACCTTTTTTGAGGTTACCCAACCATTGTCCTATGTGCTGTTACCTCCACACCCTGGCTAGGGAGAAGCGGAAGGAGGAAGATTTTTGGAGTAGACATCCAAAGTCAATAGGTGGAGTGTCAGGTGACTGGGCCCAGCCCCTCTCATAAGCCACTGGGGTCCTGCTGAAGACTTGCTGTTTCCTTGTTCCTGGTCTGAGCCTGGCTCTCGGCCCAAGGCTTGCCTGACAGGCAGCGATTGGAAAAATAGCCCCTGTAATCCCCTGCAGCCTGTGTTCATCTGAGCCTCAATGTTCCCATCTCTAGAATGGGAGTATGTTTCTTTTTG,0,0,0,0,0,0.0,24,Pigr,0.785266736834062,0.6421774642327558,0.6421774642327558,conserved,gene_level_ortholog_expression_concordance
Small_Intestinal_Enterocyte,chr10,19046684,19047084,400,1,0.9819004524886877,cCRE82312,MALRD1,1917.0,nearest_TSS_gencode_v44,0.5262824553390124,0.0024547511312217195,0.6494182211932661,AGTGAAGAAATCACATGAGGAGACACTGACCATACTGGACCTTCAGGTGCTAAGAATGAGTATTGAGGGCTACAAGAGAACCTAGGAATGAAACGTAACTCAGCCTGGGTAAATCAGCCAAGATATCTTAGAGGAAGTCTCCTAAGATGAAAAATAAAGAATAATGATTAACCTGGTGATTGGGGTGGGGAAGGGATTTCAGATCTGGAGTTGAGAGATGGCATGTTTAGAAAACTGCCAGCACAGTCACTCAGTAAGGCTGTGCTGGAGAGCATAGGGAAGCATTGAGCCTTGCAGGGTAAGCTGTGTTTGTAAGCTACATTCAGAGTATGACAGTTCTACTGATTTCAGAGGGAAATAGATAGGAGTGGATTTGTGCTTTAGAATGATCACTCTACTC,0,0,1,1,1,0.3333333333333333,25,Malrd1,0.5262824553390124,0.066819950965582,0.066819950965582,divergent_expression,gene_level_ortholog_expression_concordance
